datetime,symbol,_id,exchange,interval,sumOpenInterest,sumOpenInterestValue,longAccount,inserted_datetime,long_OI,long_OI_change,sum_OI_change,long_OI_pct_change,sum_OI_pct_change,open,high,low,close,volume
2024-08-21 10:35:00,CTSIUSDT,66c5c37833a1faa0652bd19c,Binance,5m,21970146.0,2972173.63982748,0.6763,2024-08-21 18:37:44,14858409.7398,-46420.2873999979,-16622.0,-0.0031144459,-0.0007560002,0.1352,0.1352,0.1351,0.1352,8790.0
2024-08-21 10:40:00,CTSIUSDT,66c5c43975fa436123578ea2,Binance,5m,21962162.0,2964891.87,0.6747,2024-08-21 18:40:57,14817870.7014,-40539.0384000018,-7984.0,-0.0027283565,-0.0003634022,0.135,0.135,0.135,0.135,713.0
2024-08-21 10:45:00,CTSIUSDT,66c5c55632c70d8ca7f02eb3,Binance,5m,21955304.0,2968357.1008,0.6751,2024-08-21 18:45:42,14822025.730400002,4155.0290000029,-6858.0,0.0002804066,-0.0003122643,0.1351,0.1351,0.1351,0.1351,13067.0
2024-08-21 10:50:00,CTSIUSDT,66c5c67d0d28489283648288,Binance,5m,21949541.0,2971319.68145427,0.6748,2024-08-21 18:50:37,14811550.2668,-10475.4636000022,-5763.0,-0.0007067498,-0.0002624878,0.1354,0.1355,0.1354,0.1355,3236.0
2024-08-21 10:55:00,CTSIUSDT,66c5c7ab0788cec8cdab26b3,Binance,5m,21952497.0,2979068.87398428,0.6747,2024-08-21 18:55:39,14811349.7259,-200.5408999994,2956.0,-1.35395e-05,0.0001346725,0.1357,0.1357,0.1356,0.1356,7728.0
2024-08-21 11:00:00,CTSIUSDT,66c5c8ced0a6235fd39c1ea1,Binance,5m,21929753.0,2976543.79568252,0.6756,2024-08-21 19:00:30,14815741.1268,4391.4008999988,-22744.0,0.0002964889,-0.0010360553,0.1357,0.1361,0.1357,0.1359,101815.0
2024-08-21 11:05:00,CTSIUSDT,66c5c9fccd9cfc74bfecfe74,Binance,5m,21902644.0,2980362.41948792,0.6747,2024-08-21 19:05:32,14777713.9068,-38027.2199999988,-27109.0,-0.0025666769,-0.0012361744,0.136,0.136,0.1357,0.1358,37472.0
2024-08-21 11:10:00,CTSIUSDT,66c5cb2fb4d7755ce8dab53a,Binance,5m,21914148.0,2975941.2984,0.6756,2024-08-21 19:10:39,14805198.3888,27484.4819999989,11504.0,0.0018598602,0.0005252334,0.1358,0.1358,0.1357,0.1358,332.0
2024-08-21 11:15:00,CTSIUSDT,66c5cc52f5f1cc5b47725870,Binance,5m,21908235.0,2970756.666,0.6756,2024-08-21 19:15:30,14801203.566,-3994.8227999993,-5913.0,-0.0002698257,-0.0002698257,0.1355,0.1356,0.1353,0.1353,15454.0
2024-08-21 11:20:00,CTSIUSDT,66c5cd8343e6d4110ddc6558,Binance,5m,21891542.0,2961925.6326,0.6753,2024-08-21 19:20:35,14783358.3126,-17845.2533999998,-16693.0,-0.0012056623,-0.0007619509,0.1352,0.1352,0.1352,0.1352,384.0
2024-08-21 11:25:00,CTSIUSDT,66c5cea85e8107c04793f2bb,Binance,5m,21894650.0,2960156.68,0.6749,2024-08-21 19:25:28,14776699.285000002,-6659.0275999978,3108.0,-0.0004504408,0.0001419726,0.1352,0.1352,0.1352,0.1352,15880.0
2024-08-21 11:30:00,CTSIUSDT,66c5cfe67bc94cd7f1c05fd7,Binance,5m,21924179.0,2958489.71247473,0.6752,2024-08-21 19:30:46,14803205.6608,26506.3757999986,29529.0,0.0017937954,0.0013486856,0.1349,0.1351,0.1348,0.135,82718.0
2024-08-21 11:35:00,CTSIUSDT,66c5d1034a4d6639b17eb332,Binance,5m,21897289.0,2960513.4728,0.6742,2024-08-21 19:35:31,14763152.2438,-40053.4169999994,-26890.0,-0.0027057259,-0.0012264997,0.1352,0.1352,0.1352,0.1352,9503.0
2024-08-21 11:40:00,CTSIUSDT,66c5d23b59906877aa08d155,Binance,5m,21887835.0,2957046.5085,0.6741,2024-08-21 19:40:43,14754589.5735,-8562.6703000013,-9454.0,-0.0005800028,-0.0004317429,0.1352,0.1354,0.1352,0.1354,28629.0
2024-08-21 11:45:00,CTSIUSDT,66c5d361f0e99417ad49d9ab,Binance,5m,21890131.0,2955167.685,0.6747,2024-08-21 19:45:37,14769271.3857,14681.8121999986,2296.0,0.0009950675,0.0001048985,0.1349,0.135,0.1349,0.135,11632.0
2024-08-21 11:50:00,CTSIUSDT,66c5d49071bfb838c7807c41,Binance,5m,21885314.0,2954776.51211776,0.6746,2024-08-21 19:50:40,14763832.8244,-5438.5612999983,-4817.0,-0.0003682349,-0.0002200535,0.135,0.135,0.135,0.135,1914.0
2024-08-21 11:55:00,CTSIUSDT,66c5d5be5421c7fdf1dca0e1,Binance,5m,21882296.0,2955055.05636424,0.6747,2024-08-21 19:55:42,14763985.1112,152.286799999,-3018.0,1.03149e-05,-0.0001379007,0.135,0.135,0.135,0.135,0.0
2024-08-21 12:00:00,CTSIUSDT,66c5d6e14c1e6610b6c52e1c,Binance,5m,21881325.0,2951450.269083,0.6748,2024-08-21 20:00:33,14765518.11,1532.9988000002,-971.0,0.0001038337,-4.43738e-05,0.1347,0.1349,0.1347,0.1349,58805.0
2024-08-21 12:05:00,CTSIUSDT,66c5d811194a37119a33e06f,Binance,5m,21852313.0,2952247.4863,0.6737,2024-08-21 20:05:37,14721903.2681,-43614.8419000003,-29012.0,-0.0029538308,-0.0013258795,0.1351,0.1351,0.135,0.135,4901.0
2024-08-21 12:10:00,CTSIUSDT,66c5d940030d4af13f4381e4,Binance,5m,21880866.0,2951728.8234,0.6734,2024-08-21 20:10:40,14734575.1644,12671.8963000011,28553.0,0.0008607512,0.0013066351,0.135,0.135,0.1348,0.1348,3183.0
2024-08-21 12:15:00,CTSIUSDT,66c5da661a353e7689c38d98,Binance,5m,21882962.0,2949099.60804666,0.6742,2024-08-21 20:15:34,14753492.9804,18917.8159999996,2096.0,0.0012839064,9.57915e-05,0.1347,0.1348,0.1345,0.1346,59035.0
2024-08-21 12:20:00,CTSIUSDT,66c5db9987429915e1a27b14,Binance,5m,21859350.0,2937896.64,0.675,2024-08-21 20:20:41,14755061.250000002,1568.2696000021,-23612.0,0.0001062982,-0.001079013,0.1343,0.1343,0.1341,0.1342,58417.0
2024-08-21 12:25:00,CTSIUSDT,66c5dcbe4410e87fb6578613,Binance,5m,21852848.0,2939493.89125184,0.676,2024-08-21 20:25:34,14772525.248000002,17463.9979999997,-6502.0,0.0011835937,-0.0002974471,0.1345,0.1345,0.1344,0.1345,24439.0
2024-08-21 12:30:00,CTSIUSDT,66c5dde92a76f630801ddd71,Binance,5m,21863429.0,2945003.8863,0.6754,2024-08-21 20:30:33,14766559.9466,-5965.3014000021,10581.0,-0.0004038105,0.0004841932,0.1347,0.1349,0.1346,0.1349,22550.0
2024-08-21 12:35:00,CTSIUSDT,66c5df1bb57aac33cb36d669,Binance,5m,21907732.0,2955353.0468,0.6745,2024-08-21 20:35:39,14776765.234,10205.2873999998,44303.0,0.000691108,0.0020263519,0.1349,0.1349,0.1349,0.1349,0.0
2024-08-21 12:40:00,CTSIUSDT,66c5e044ceb837855906c24d,Binance,5m,21897588.0,2952884.267403,0.6746,2024-08-21 20:40:36,14772112.8648,-4652.3692000005,-10144.0,-0.0003148435,-0.0004630329,0.1349,0.1349,0.1349,0.1349,921.0
2024-08-21 12:45:00,CTSIUSDT,66c5e1672c2ea1d744f116a7,Binance,5m,21885585.0,2952900.08134155,0.6751,2024-08-21 20:45:27,14774958.4335,2845.5687000025,-12003.0,0.0001926311,-0.0005481426,0.1348,0.1348,0.1348,0.1348,7352.0
2024-08-21 12:50:00,CTSIUSDT,66c5e298955bb0ecdeb7acce,Binance,5m,21882928.0,2947630.4016,0.6759,2024-08-21 20:50:32,14790671.035199998,15712.6016999967,-2657.0,0.0010634617,-0.0001214041,0.1347,0.1347,0.1347,0.1347,9685.0
2024-08-21 12:55:00,CTSIUSDT,66c5e3ca696867b8fc080bb0,Binance,5m,21888199.0,2943233.8884733,0.6767,2024-08-21 20:55:37,14811744.2633,21073.2281000018,5271.0,0.0014247648,0.0002408727,0.1343,0.1345,0.1342,0.1345,29997.0
2024-08-21 13:00:00,CTSIUSDT,66c5e4f23890c4e5e739215b,Binance,5m,21902956.0,2945947.582,0.6771,2024-08-21 21:00:34,14830491.5076,18747.2443000004,14757.0,0.0012657013,0.0006741989,0.1344,0.1344,0.1342,0.1343,100787.0
2024-08-21 13:05:00,CTSIUSDT,66c5e6251e6164822dc0fee3,Binance,5m,21989803.0,2959827.4838,0.6764,2024-08-21 21:05:41,14873902.7492,43411.2415999994,86847.0,0.0029271614,0.0039650812,0.1345,0.1346,0.1345,0.1346,2822.0
2024-08-21 13:10:00,CTSIUSDT,66c5e74f66773cb51866f621,Binance,5m,21995143.0,2956186.37055454,0.6761,2024-08-21 21:10:39,14870916.1823,-2986.5668999981,5340.0,-0.0002007924,0.0002428398,0.1343,0.1343,0.1342,0.1342,23006.0
2024-08-21 13:15:00,CTSIUSDT,66c5e8729cc3e323627207da,Binance,5m,22037352.0,2948597.6976,0.6781,2024-08-21 21:15:30,14943528.3912,72612.208899999,42209.0,0.0048828336,0.0019190146,0.1337,0.134,0.1337,0.134,25846.0
2024-08-21 13:20:00,CTSIUSDT,66c5e9a2156fd08044090b1b,Binance,5m,22029001.0,2956291.9342,0.6785,2024-08-21 21:20:34,14946677.1785,3148.7873,-8351.0,0.0002107124,-0.0003789475,0.1342,0.1342,0.134,0.1341,15045.0
2024-08-21 13:25:00,CTSIUSDT,66c5eace7865dee90f0ea368,Binance,5m,22032401.0,2957157.79653459,0.6789,2024-08-21 21:25:34,14957797.0389,11119.8603999987,3400.0,0.0007439687,0.000154342,0.1342,0.1343,0.1342,0.1343,24663.0
2024-08-21 13:30:00,CTSIUSDT,66c5ebf56d602c4022f2a2f8,Binance,5m,22028490.0,2948491.5782949,0.6784,2024-08-21 21:30:29,14944127.616,-13669.4228999987,-3911.0,-0.0009138661,-0.0001775113,0.1338,0.1338,0.1337,0.1338,52000.0
2024-08-21 13:35:00,CTSIUSDT,66c5ed20872760fff3842978,Binance,5m,22024813.0,2933705.0916,0.6749,2024-08-21 21:35:28,14864546.293700002,-79581.3222999983,-3677.0,-0.0053252571,-0.0001669202,0.1332,0.1334,0.1331,0.1334,66421.0
2024-08-21 13:40:00,CTSIUSDT,66c5ee51956c2c6506ba24c5,Binance,5m,22056111.0,2940079.5963,0.6765,2024-08-21 21:40:33,14920959.0915,56412.797799997,31298.0,0.0037951241,0.0014210336,0.1333,0.1336,0.1333,0.1333,90906.0
2024-08-21 13:45:00,CTSIUSDT,66c5ef7e3c950f493078a0c1,Binance,5m,22030925.0,2927419.74441875,0.674,2024-08-21 21:45:34,14848843.45,-72115.641499998,-25186.0,-0.0048331773,-0.0011419058,0.1328,0.1329,0.1325,0.1326,53423.0
2024-08-21 13:50:00,CTSIUSDT,66c5f0b355cd5a2e2a86a4a6,Binance,5m,22020389.0,2928709.09455332,0.6745,2024-08-21 21:50:43,14852752.3805,3908.9304999989,-10536.0,0.0002632481,-0.0004782368,0.1329,0.133,0.1327,0.1328,79145.0
2024-08-21 13:55:00,CTSIUSDT,66c5f1d23356402175af5f9b,Binance,5m,22051321.0,2939201.61195394,0.6731,2024-08-21 21:55:30,14842744.1651,-10008.2153999992,30932.0,-0.000673829,0.0014046982,0.1334,0.1339,0.1334,0.1337,46791.0
2024-08-21 14:00:00,CTSIUSDT,66c5f30159e3fd272d1e216d,Binance,5m,21972611.0,2972894.2683,0.6716,2024-08-21 22:00:33,14756805.5476,-85938.6175000016,-78710.0,-0.0057899413,-0.0035694007,0.1354,0.1357,0.1352,0.1352,182043.0
2024-08-21 14:05:00,CTSIUSDT,66c5f430d026c2e610a4a3ea,Binance,5m,22001171.0,2981298.59794756,0.6726,2024-08-21 22:05:36,14797987.6146,41182.0669999998,28560.0,0.0027907169,0.0012998,0.1356,0.1358,0.1353,0.1358,121865.0
2024-08-21 14:10:00,CTSIUSDT,66c5f5614e6d3f54b06a10f0,Binance,5m,21980205.0,2984911.839,0.6724,2024-08-21 22:10:41,14779489.842,-18497.7725999989,-20966.0,-0.0012500195,-0.0009529493,0.1359,0.1363,0.1359,0.136,123302.0
2024-08-21 14:15:00,CTSIUSDT,66c5f6852db98255885f0afb,Binance,5m,21996818.0,2960771.7028,0.676,2024-08-21 22:15:33,14869848.968,90359.1260000002,16613.0,0.006113819,0.0007558164,0.1346,0.1351,0.1346,0.1348,305928.0
2024-08-21 14:20:00,CTSIUSDT,66c5f7b3d573cb7f0f95fcc3,Binance,5m,22013753.0,2958798.97727052,0.6767,2024-08-21 22:20:35,14896706.6551,26857.6870999988,16935.0,0.0018061843,0.0007698841,0.1344,0.1347,0.1343,0.1347,28700.0
2024-08-21 14:25:00,CTSIUSDT,66c5f8e459abe413a4023c5b,Binance,5m,22003232.0,2967069.825504,0.6758,2024-08-21 22:25:40,14869784.1856,-26922.4694999997,-10521.0,-0.0018072766,-0.0004779285,0.1349,0.1349,0.1347,0.1347,39430.0
2024-08-21 14:30:00,CTSIUSDT,66c5fa123f36f8af091910d5,Binance,5m,22013491.0,2968631.31001919,0.6759,2024-08-21 22:30:42,14878918.566899998,9134.3812999986,10259.0,0.0006142915,0.0004662497,0.1348,0.1349,0.1346,0.1349,49846.0
2024-08-21 14:35:00,CTSIUSDT,66c5fb39f5e0bfc10b740e46,Binance,5m,21988766.0,2961178.96182246,0.6749,2024-08-21 22:35:37,14840218.173400002,-38700.3934999965,-24725.0,-0.0026010219,-0.0011231749,0.1346,0.1347,0.1344,0.1344,33088.0
2024-08-21 14:40:00,CTSIUSDT,66c5fc5ff2ecdb4699085e64,Binance,5m,22026591.0,2973589.785,0.6753,2024-08-21 22:40:31,14874556.9023,34338.7288999986,37825.0,0.0023138965,0.0017201966,0.135,0.135,0.1348,0.1349,16989.0
2024-08-21 14:45:00,CTSIUSDT,66c5fd95e511e9a2f1983bbc,Binance,5m,22042122.0,2983564.10398158,0.6753,2024-08-21 22:45:41,14885044.9866,10488.0843000002,15531.0,0.0007051023,0.0007051023,0.1354,0.1354,0.1351,0.1351,55625.0
2024-08-21 14:50:00,CTSIUSDT,66c5feb66f542947b29d497b,Binance,5m,22039756.0,2962143.2064,0.6748,2024-08-21 22:50:30,14872427.3488,-12617.6378000006,-2366.0,-0.0008476721,-0.0001073399,0.1344,0.1344,0.1341,0.1342,37595.0
2024-08-21 14:55:00,CTSIUSDT,66c5ffe1a549e168a3ca27b3,Binance,5m,22037583.0,2948628.6054,0.6718,2024-08-21 22:55:29,14804848.2594,-67579.0894000009,-2173.0,-0.0045439179,-9.85946e-05,0.1337,0.1337,0.1336,0.1336,29857.0
2024-08-21 15:00:00,CTSIUSDT,66c6010e2ba97326050c67a9,Binance,5m,22028687.0,2952095.62560554,0.6719,2024-08-21 23:00:30,14801074.7953,-3773.4640999977,-8896.0,-0.0002548803,-0.000403674,0.134,0.134,0.1339,0.1339,23582.0
2024-08-21 15:05:00,CTSIUSDT,66c602485a48bb686e204d62,Binance,5m,22018291.0,2957056.4813,0.6719,2024-08-21 23:05:44,14794089.7229,-6985.0723999999,-10396.0,-0.0004719301,-0.0004719301,0.1342,0.1343,0.1341,0.1341,18534.0
2024-08-21 15:10:00,CTSIUSDT,66c6036eb7b9bbce307ff42b,Binance,5m,22011017.0,2950107.55396756,0.6718,2024-08-21 23:10:38,14787001.2206,-7088.5023000017,-7274.0,-0.0004791442,-0.0003303617,0.134,0.1345,0.134,0.1345,33654.0
2024-08-21 15:15:00,CTSIUSDT,66c60494fdf8305c09d143d8,Binance,5m,21988674.0,2961850.2002586,0.6716,2024-08-21 23:15:32,14767593.4584,-19407.7621999998,-22343.0,-0.001312488,-0.0010150826,0.1348,0.1349,0.1347,0.1348,34211.0
2024-08-21 15:20:00,CTSIUSDT,66c605bfcbea794085d02f38,Binance,5m,22020965.0,2968871.3459123,0.6721,2024-08-21 23:20:31,14800290.5765,32697.1181000005,32291.0,0.0022141128,0.0014685288,0.1347,0.1347,0.1346,0.1347,10398.0
2024-08-21 15:25:00,CTSIUSDT,66c606edca1a4a1339aa71f1,Binance,5m,22012246.0,2965049.5362,0.6726,2024-08-21 23:25:33,14805436.6596,5146.0830999985,-8719.0,0.0003477015,-0.0003959409,0.1347,0.1347,0.1347,0.1347,23918.0
2024-08-21 15:30:00,CTSIUSDT,66c6081de29bd034ec8bb205,Binance,5m,22008669.0,2962837.8329166,0.6739,2024-08-21 23:30:37,14831642.0391,26205.3795000017,-3577.0,0.0017699836,-0.0001625005,0.1346,0.1346,0.1345,0.1346,13311.0
2024-08-21 15:35:00,CTSIUSDT,66c60947bad63ebcfb5dffb4,Binance,5m,22006157.0,2969022.94907931,0.6727,2024-08-21 23:35:35,14803541.8139,-28100.2252000012,-2512.0,-0.0018946132,-0.0001141368,0.1349,0.135,0.1348,0.1348,4267.0
2024-08-21 15:40:00,CTSIUSDT,66c60a74ee76296f2acf6b76,Binance,5m,22014768.0,2966631.10266288,0.6736,2024-08-21 23:40:36,14829147.7248,25605.9109000005,8611.0,0.0017297152,0.0003912996,0.1348,0.1348,0.1347,0.1348,61017.0
2024-08-21 15:45:00,CTSIUSDT,66c60b9eb5472ccbd3de3e72,Binance,5m,22034221.0,2970212.9908,0.6713,2024-08-21 23:45:34,14791572.5573,-37575.1675000004,19453.0,-0.0025338724,0.0008836341,0.1348,0.1353,0.1347,0.1353,232093.0
2024-08-21 15:50:00,CTSIUSDT,66c60ccd182c123fd4434763,Binance,5m,22150139.0,2988418.34238794,0.673,2024-08-21 23:50:37,14907043.547,115470.9897000007,115918.0,0.0078065391,0.0052608168,0.1348,0.1349,0.1348,0.1349,10429.0
2024-08-21 15:55:00,CTSIUSDT,66c60dfce6a393c24cadf7e2,Binance,5m,22161515.0,2994652.50129265,0.6729,2024-08-21 23:55:40,14912483.4435,5439.8965000007,11376.0,0.0003649212,0.0005135859,0.1351,0.1352,0.1351,0.1352,5514.0
2024-08-21 16:00:00,CTSIUSDT,66c60f24a617857ac67bac69,Binance,5m,22160588.0,2991180.98837588,0.6727,2024-08-22 00:00:36,14907427.5476,-5055.8959000017,-927.0,-0.0003390378,-4.18293e-05,0.135,0.1354,0.135,0.1352,153104.0
2024-08-21 16:05:00,CTSIUSDT,66c61046b6ff4e9edd06ce3e,Binance,5m,22142551.0,2984641.17007261,0.6653,2024-08-22 00:05:26,14731439.1803,-175988.3673,-18037.0,-0.0118054149,-0.0008139224,0.1347,0.1349,0.1346,0.1349,36699.0
2024-08-21 16:10:00,CTSIUSDT,66c61182ef46cc03fb62d40d,Binance,5m,22148343.0,2988817.22695563,0.6661,2024-08-22 00:10:42,14753011.2723,21572.092000002,5792.0,0.0014643574,0.0002615778,0.135,0.1351,0.1349,0.1351,49395.0
2024-08-21 16:15:00,CTSIUSDT,66c612a2361c817d349026ea,Binance,5m,22121867.0,2983818.87917099,0.6669,2024-08-22 00:15:30,14753073.1023,61.8300000001,-26476.0,4.191e-06,-0.0011953942,0.1347,0.1348,0.1345,0.1345,7656.0
2024-08-21 16:20:00,CTSIUSDT,66c613d09739905dd3b9172c,Binance,5m,22110896.0,2984970.96,0.6672,2024-08-22 00:20:32,14752389.8112,-683.291100001,-10971.0,-4.63152e-05,-0.0004959346,0.1351,0.1356,0.1351,0.1354,60590.0
2024-08-21 16:25:00,CTSIUSDT,66c614fc90eac82b10dcd3ae,Binance,5m,22118910.0,3003747.978,0.6668,2024-08-22 00:25:32,14748889.188,-3500.6232000012,8014.0,-0.0002372919,0.0003624457,0.1358,0.1358,0.1358,0.1358,394.0
2024-08-21 16:30:00,CTSIUSDT,66c6162f04f10571b7bf40f7,Binance,5m,22082638.0,2992197.449,0.6674,2024-08-22 00:30:39,14737952.6012,-10936.5867999997,-36272.0,-0.0007415194,-0.0016398638,0.1354,0.1357,0.1354,0.1356,32214.0
2024-08-21 16:35:00,CTSIUSDT,66c61751d4991cdf7dc6583c,Binance,5m,22079906.0,2994035.2536,0.6678,2024-08-22 00:35:29,14744961.226799998,7008.625599999,-2732.0,0.0004755495,-0.0001237171,0.1355,0.1355,0.1354,0.1354,20649.0
2024-08-21 16:40:00,CTSIUSDT,66c61888492d5ebe22e7a0bf,Binance,5m,22099800.0,2993818.579374,0.6675,2024-08-22 00:40:40,14751616.5,6655.2732000016,19894.0,0.0004513592,0.0009010002,0.1355,0.1355,0.1354,0.1354,1498.0
2024-08-21 16:45:00,CTSIUSDT,66c619b0a9848de658294923,Binance,5m,22099252.0,2998223.64022664,0.6677,2024-08-22 00:45:36,14755670.5604,4054.0603999998,-548.0,0.0002748214,-2.47966e-05,0.1357,0.1359,0.1356,0.1358,26034.0
2024-08-21 16:50:00,CTSIUSDT,66c61adb541b4a119c81ea0b,Binance,5m,22127475.0,3006841.0633695,0.6668,2024-08-22 00:50:35,14754600.329999998,-1070.2304000016,28223.0,-7.25301e-05,0.001277102,0.1358,0.1359,0.1356,0.1359,28017.0
2024-08-21 16:55:00,CTSIUSDT,66c61c027a08d05ca69c25dc,Binance,5m,22123637.0,3008814.632,0.6669,2024-08-22 00:55:30,14754253.515300002,-346.8146999963,-3838.0,-2.35055e-05,-0.0001734495,0.136,0.1362,0.136,0.1362,32785.0
2024-08-21 17:00:00,CTSIUSDT,66c61d39975ea776864b6e34,Binance,5m,22127465.0,3011547.9865,0.6676,2024-08-22 01:00:41,14772295.634,18042.1186999977,3828.0,0.0012228419,0.0001730276,0.1362,0.1362,0.136,0.136,37198.0
2024-08-21 17:05:00,CTSIUSDT,66c61e58745e43fbb8642ce6,Binance,5m,22137812.0,3011960.01166,0.6687,2024-08-22 01:05:28,14803554.8844,31259.2503999993,10347.0,0.0021160726,0.0004676089,0.1359,0.136,0.1358,0.1359,10844.0
2024-08-21 17:10:00,CTSIUSDT,66c61f8a5d49a3228a484423,Binance,5m,22143771.0,3007124.1018,0.6689,2024-08-22 01:10:34,14811968.4219,8413.5375000015,5959.0,0.0005683457,0.0002691775,0.1358,0.136,0.1358,0.1359,11055.0
2024-08-21 17:15:00,CTSIUSDT,66c620c32ffbd544df5ddc18,Binance,5m,22156089.0,3019874.9307,0.6683,2024-08-22 01:15:47,14806914.2787,-5054.1432000007,12318.0,-0.0003412202,0.0005562738,0.1364,0.1364,0.1362,0.1362,10227.0
2024-08-21 17:20:00,CTSIUSDT,66c621f2e5d10d48605114a3,Binance,5m,22133434.0,3024071.83133242,0.6698,2024-08-22 01:20:50,14824974.093199998,18059.8144999985,-22655.0,0.0012196879,-0.001022518,0.1365,0.1368,0.1365,0.1368,24624.0
2024-08-21 17:25:00,CTSIUSDT,66c62306ffeab887e2168166,Binance,5m,22145977.0,3030511.30054204,0.6695,2024-08-22 01:25:26,14826731.6015,1757.5083000008,12543.0,0.0001185505,0.0005666992,0.1369,0.1369,0.1365,0.1367,70406.0
2024-08-21 17:30:00,CTSIUSDT,66c6243eada8b74558f1b107,Binance,5m,22146256.0,3036313.92857936,0.6704,2024-08-22 01:30:38,14846850.0224,20118.4209000003,279.0,0.0013569019,1.25982e-05,0.1372,0.1375,0.1371,0.1374,34297.0
2024-08-21 17:35:00,CTSIUSDT,66c6257227b05f725499eeba,Binance,5m,22132540.0,3032469.6061632,0.6697,2024-08-22 01:35:46,14822162.038,-24687.9844000004,-13716.0,-0.0016628433,-0.0006193372,0.1369,0.137,0.1368,0.1369,19393.0
2024-08-21 17:40:00,CTSIUSDT,66c62691ef1278ca21f1095b,Binance,5m,22125113.0,3024601.84635511,0.6704,2024-08-22 01:40:33,14832675.7552,10513.7172000017,-7427.0,0.0007093241,-0.0003355693,0.1367,0.1368,0.1367,0.1367,5704.0
2024-08-21 17:45:00,CTSIUSDT,66c627c5c0ad0e44340821cb,Binance,5m,22126359.0,3029098.5471,0.6708,2024-08-22 01:45:41,14842361.617199998,9685.8619999979,1246.0,0.0006530084,5.63161e-05,0.137,0.1372,0.137,0.137,24349.0
2024-08-21 17:50:00,CTSIUSDT,66c628e517da308b13a48e2f,Binance,5m,22135924.0,3038915.05255244,0.6696,2024-08-22 01:50:29,14822214.7104,-20146.9067999981,9565.0,-0.0013573923,0.0004322898,0.1372,0.1373,0.1372,0.1372,424.0
2024-08-21 17:55:00,CTSIUSDT,66c62a14e560085b06b656f5,Binance,5m,22147332.0,3034184.484,0.6691,2024-08-22 01:55:32,14818779.841200002,-3434.8691999987,11408.0,-0.0002317379,0.0005153614,0.137,0.1372,0.137,0.1372,15601.0
2024-08-21 18:00:00,CTSIUSDT,66c62b3c904afe70cc1918dd,Binance,5m,22253241.0,3053144.6652,0.6695,2024-08-22 02:00:28,14898544.8495,79765.0082999989,105909.0,0.0053826974,0.0047820207,0.1372,0.1374,0.1371,0.1374,50591.0
2024-08-21 18:05:00,CTSIUSDT,66c62c6f26fc057ab5ae1079,Binance,5m,22266952.0,3055025.8144,0.6686,2024-08-22 02:05:35,14887684.1072,-10860.7423000019,13711.0,-0.0007289801,0.000616135,0.1373,0.1373,0.137,0.1371,19919.0
2024-08-21 18:10:00,CTSIUSDT,66c62d9539823e3859136b75,Binance,5m,22239591.0,3057081.75595284,0.6686,2024-08-22 02:10:29,14869390.5426,-18293.5645999983,-27361.0,-0.0012287717,-0.0012287717,0.1375,0.1375,0.1373,0.1374,64120.0
2024-08-21 18:15:00,CTSIUSDT,66c62ec855c9ab744a2d12d9,Binance,5m,22262433.0,3059422.20162789,0.6699,2024-08-22 02:15:36,14913603.8667,44213.3241000008,22842.0,0.0029734456,0.0010270872,0.1375,0.1377,0.1374,0.1375,64671.0
2024-08-21 18:20:00,CTSIUSDT,66c62ff3da378b09038ee971,Binance,5m,22293320.0,3071494.488314,0.6684,2024-08-22 02:20:35,14900855.088,-12748.7787000015,30887.0,-0.0008548423,0.0013874045,0.1379,0.1381,0.1379,0.1381,32158.0
2024-08-21 18:25:00,CTSIUSDT,66c631181dfc4553ea3d10d7,Binance,5m,22290650.0,3073880.635,0.6674,2024-08-22 02:25:28,14876779.81,-24075.277999999,-2670.0,-0.0016156977,-0.0001197668,0.1378,0.1378,0.1377,0.1377,4273.0
2024-08-21 18:30:00,CTSIUSDT,66c6324632b2bdd8457f6178,Binance,5m,22285749.0,3075992.28858492,0.6676,2024-08-22 02:30:30,14877966.0324,1186.2223999985,-4901.0,7.97365e-05,-0.000219868,0.138,0.1381,0.1379,0.138,20155.0
2024-08-21 18:35:00,CTSIUSDT,66c6337d58f899a12b058ce4,Binance,5m,22277621.0,3076539.4601,0.6708,2024-08-22 02:35:41,14943828.1668,65862.1344000008,-8128.0,0.0044268238,-0.0003647174,0.1381,0.1381,0.1381,0.1381,13827.0
2024-08-21 18:40:00,CTSIUSDT,66c634a4bae6b3bc57171467,Binance,5m,22276714.0,3069731.1892,0.6706,2024-08-22 02:40:36,14938764.4084,-5063.7584000006,-907.0,-0.0003388528,-4.07135e-05,0.1378,0.1378,0.1377,0.1377,15099.0
2024-08-21 18:45:00,CTSIUSDT,66c635ccb40b29cae5cede3e,Binance,5m,22182936.0,3049107.33090888,0.6704,2024-08-22 02:45:32,14871440.2944,-67324.1140000001,-93778.0,-0.0045066722,-0.0042096873,0.1372,0.1375,0.1372,0.1375,92132.0
2024-08-21 18:50:00,CTSIUSDT,66c636f3deba7e0415140829,Binance,5m,22172510.0,3050937.376,0.6719,2024-08-22 02:50:27,14897709.469,26269.1746000014,-10426.0,0.0017664176,-0.0004700009,0.1376,0.1377,0.1376,0.1377,1219.0
2024-08-21 18:55:00,CTSIUSDT,66c6382956fc0ee41cff376b,Binance,5m,22182948.0,3052566.41461812,0.6712,2024-08-22 02:55:37,14889194.6976,-8514.7714000009,10438.0,-0.000571549,0.0004707631,0.1376,0.1377,0.1376,0.1377,1034.0
2024-08-21 19:00:00,CTSIUSDT,66c6394d035a49e5d512bc17,Binance,5m,22182057.0,3054469.2489,0.6722,2024-08-22 03:00:29,14910778.7154,21584.0178000014,-891.0,0.0014496431,-4.0166e-05,0.1377,0.1379,0.1377,0.1379,51871.0
2024-08-21 19:05:00,CTSIUSDT,66c63a79627238d457d61ed4,Binance,5m,22162837.0,3055561.74713027,0.6722,2024-08-22 03:05:29,14897859.0314,-12919.6840000004,-19220.0,-0.0008664661,-0.0008664661,0.1379,0.138,0.1379,0.1379,7374.0
2024-08-21 19:10:00,CTSIUSDT,66c63bb1aa7fc829c8bae502,Binance,5m,22175012.0,3063506.7353156,0.6726,2024-08-22 03:10:41,14914913.0712,17054.0397999994,12175.0,0.0011447309,0.000549343,0.1382,0.1383,0.1382,0.1383,6597.0
2024-08-21 19:15:00,CTSIUSDT,66c63cd1dfdd9804b38188e4,Binance,5m,22171799.0,3064142.6218,0.6736,2024-08-22 03:15:29,14934923.8064,20010.7351999991,-3213.0,0.0013416595,-0.0001448928,0.1382,0.1388,0.1382,0.1384,276222.0
2024-08-21 19:20:00,CTSIUSDT,66c63e0af65b259a1eb9d300,Binance,5m,22222088.0,3062812.6116112,0.6659,2024-08-22 03:20:42,14797688.399200002,-137235.4071999975,50289.0,-0.0091888924,0.0022681515,0.1377,0.1377,0.1375,0.1376,13819.0
2024-08-21 19:25:00,CTSIUSDT,66c63f3621123c0d370130c0,Binance,5m,22239214.0,3063950.9988543,0.6676,2024-08-22 03:25:42,14846899.2664,49210.8671999983,17126.0,0.003325578,0.0007706747,0.1378,0.1379,0.1378,0.1379,9677.0
2024-08-21 19:30:00,CTSIUSDT,66c6405d18a19cfd4ecf26f8,Binance,5m,22239813.0,3067007.20994808,0.6676,2024-08-22 03:30:37,14847299.158799998,399.8923999984,599.0,2.69344e-05,2.69344e-05,0.1379,0.1381,0.1377,0.1378,51204.0
2024-08-21 19:35:00,CTSIUSDT,66c64189a150a57159e236e1,Binance,5m,22240073.0,3069130.074,0.6676,2024-08-22 03:35:37,14847472.7348,173.5760000013,260.0,1.16907e-05,1.16907e-05,0.1379,0.138,0.1379,0.138,20542.0
2024-08-21 19:40:00,CTSIUSDT,66c642b66c5fff2684f9fa72,Binance,5m,22262986.0,3073024.74286926,0.6657,2024-08-22 03:40:38,14820469.7802,-27002.9546000008,22913.0,-0.0018186903,0.0010302574,0.138,0.138,0.1378,0.138,13170.0
2024-08-21 19:45:00,CTSIUSDT,66c643d605be359b946b1212,Binance,5m,22265090.0,3072582.42,0.6652,2024-08-22 03:45:26,14810737.868,-9731.9121999983,2104.0,-0.0006566534,9.45066e-05,0.138,0.1381,0.1379,0.1381,23777.0
2024-08-21 19:50:00,CTSIUSDT,66c6450637e402f8247e23a9,Binance,5m,22263863.0,3076865.8666,0.6654,2024-08-22 03:50:30,14814374.4402,3636.5721999984,-1227.0,0.0002455362,-5.51087e-05,0.1381,0.1381,0.1379,0.138,9348.0
2024-08-21 19:55:00,CTSIUSDT,66c64636da0c4aa6911ea351,Binance,5m,22258521.0,3077302.18435317,0.6658,2024-08-22 03:55:34,14819723.281799998,5348.841599999,-5342.0,0.0003610575,-0.0002399404,0.1382,0.1383,0.1382,0.1383,12199.0
2024-08-21 20:00:00,CTSIUSDT,66c6476435ab1d5eb4d72f58,Binance,5m,22241932.0,3069386.616,0.6727,2024-08-22 04:00:36,14962147.6564,142424.3746000007,-16589.0,0.0096104611,-0.0007452876,0.138,0.1382,0.138,0.138,62690.0
2024-08-21 20:05:00,CTSIUSDT,66c648931bb10b33225f697f,Binance,5m,22233702.0,3075899.04715098,0.6732,2024-08-22 04:05:39,14967728.1864,5580.5300000012,-8230.0,0.0003729765,-0.0003700218,0.1384,0.1386,0.1383,0.1384,37284.0
2024-08-21 20:10:00,CTSIUSDT,66c649be809bc43667e15d12,Binance,5m,22212660.0,3064538.0949228,0.6716,2024-08-22 04:10:38,14918022.456,-49705.7303999998,-21042.0,-0.00332086,-0.0009464011,0.1379,0.1381,0.1379,0.1381,12104.0
2024-08-21 20:15:00,CTSIUSDT,66c64ae4d02aed56266b25e6,Binance,5m,22220741.0,3068684.3321,0.6709,2024-08-22 04:15:32,14907895.1369,-10127.3191,8081.0,-0.0006788647,0.0003638015,0.1381,0.1383,0.138,0.138,51073.0
2024-08-21 20:20:00,CTSIUSDT,66c64c0be1a88f7ec92e952c,Binance,5m,22230722.0,3067839.636,0.67,2024-08-22 04:20:27,14894583.74,-13311.3969000001,9981.0,-0.0008929092,0.0004491749,0.1379,0.138,0.1379,0.138,35081.0
2024-08-21 20:25:00,CTSIUSDT,66c64d39df16b12ac20edeb2,Binance,5m,22222407.0,3050577.36533988,0.6711,2024-08-22 04:25:29,14913457.3377,18873.5976999998,-8315.0,0.001267145,-0.0003740319,0.1374,0.1374,0.1373,0.1374,7282.0
2024-08-21 20:30:00,CTSIUSDT,66c64e67e0fd31fceb853cad,Binance,5m,22238584.0,3049329.95325176,0.6726,2024-08-22 04:30:31,14957671.5984,44214.2606999986,16177.0,0.0029647224,0.0007279589,0.1372,0.1373,0.1371,0.1372,30936.0
2024-08-21 20:35:00,CTSIUSDT,66c64f97c6e2024d51fe493b,Binance,5m,22213051.0,3051953.47905511,0.6709,2024-08-22 04:35:35,14902735.9159,-54935.6824999973,-25533.0,-0.0036727429,-0.0011481396,0.1374,0.1374,0.1374,0.1374,5208.0
2024-08-21 20:40:00,CTSIUSDT,66c650cace6938c35eb2bc3a,Binance,5m,22177978.0,3040600.7838,0.6722,2024-08-22 04:40:42,14908036.8116,5300.8956999984,-35073.0,0.0003556995,-0.0015789366,0.1371,0.1372,0.1371,0.1371,10250.0
2024-08-21 20:45:00,CTSIUSDT,66c651f38d1f675ce4d0acdf,Binance,5m,22142021.0,3034479.61694999,0.6733,2024-08-22 04:45:39,14908222.7393,185.9276999999,-35957.0,1.24716e-05,-0.001621293,0.1371,0.1372,0.137,0.137,37662.0
2024-08-21 20:50:00,CTSIUSDT,66c6531f69da07ff2dec1fdf,Binance,5m,22129812.0,3036150.4559076,0.6724,2024-08-22 04:50:39,14880085.5888,-28137.1504999995,-12209.0,-0.0018873578,-0.000551395,0.1371,0.1371,0.1371,0.1371,1397.0
2024-08-21 20:55:00,CTSIUSDT,66c654456bfc9c4a06353cbe,Binance,5m,22108306.0,3028837.922,0.6725,2024-08-22 04:55:33,14867835.785,-12249.8037999999,-21506.0,-0.0008232348,-0.0009718112,0.137,0.1371,0.137,0.1371,31554.0
2024-08-21 21:00:00,CTSIUSDT,66c655716561c0ea2e38d976,Binance,5m,22122867.0,3035257.3524,0.672,2024-08-22 05:00:33,14866566.624000002,-1269.1609999985,14561.0,-8.53629e-05,0.0006586212,0.1373,0.1375,0.1372,0.1374,24306.0
2024-08-21 21:05:00,CTSIUSDT,66c656a6ce7676741c038977,Binance,5m,22122493.0,3039233.66067558,0.6712,2024-08-22 05:05:42,14848617.3016,-17949.3224000018,-374.0,-0.0012073616,-1.69056e-05,0.1374,0.1374,0.1372,0.1372,12751.0
2024-08-21 21:10:00,CTSIUSDT,66c657d3d5a3767a6c296925,Binance,5m,22122150.0,3032972.426694,0.6714,2024-08-22 05:10:43,14852811.51,4194.2083999999,-343.0,0.0002824646,-1.55046e-05,0.1371,0.1371,0.1371,0.1371,4462.0
2024-08-21 21:15:00,CTSIUSDT,66c658fe48ea15f1a82962d9,Binance,5m,22145553.0,3036155.3163,0.6714,2024-08-22 05:15:42,14868524.2842,15712.7741999999,23403.0,0.001057899,0.001057899,0.1371,0.1372,0.1371,0.1371,7584.0
2024-08-21 21:20:00,CTSIUSDT,66c65a1cb1a55fb483177bbc,Binance,5m,22141682.0,3033566.97569174,0.6709,2024-08-22 05:20:28,14854854.4538,-13669.8303999994,-3871.0,-0.0009193804,-0.0001747981,0.1371,0.1375,0.1371,0.1375,166783.0
2024-08-21 21:25:00,CTSIUSDT,66c65b575afb002ec5422089,Binance,5m,22159632.0,3046158.74433024,0.673,2024-08-22 05:25:43,14913432.336,58577.8822000008,17950.0,0.0039433495,0.0008106882,0.1373,0.1373,0.1373,0.1373,180.0
2024-08-21 21:30:00,CTSIUSDT,66c65c79043703e81f298684,Binance,5m,22142787.0,3046719.94874688,0.6723,2024-08-22 05:30:33,14886595.7001,-26836.6359000001,-16845.0,-0.0017994943,-0.0007601661,0.1375,0.1376,0.1375,0.1375,19357.0
2024-08-21 21:35:00,CTSIUSDT,66c65e133df2d31a9df84081,Binance,5m,22143195.0,3052040.85324,0.6718,2024-08-22 05:37:23,14875798.401,-10797.2991000023,408.0,-0.0007253034,1.84259e-05,0.1379,0.1379,0.1379,0.1379,90.0
2024-08-21 21:40:00,CTSIUSDT,66c65ed5d8a44bad9a59eef4,Binance,5m,22150147.0,3052428.03051434,0.6713,2024-08-22 05:40:37,14869393.6811,-6404.719899999,6952.0,-0.0004305463,0.0003139565,0.1377,0.1377,0.1376,0.1376,27928.0
2024-08-21 21:45:00,CTSIUSDT,66c65ffb8b817f3d5142633d,Binance,5m,22136693.0,3046171.66149355,0.6705,2024-08-22 05:45:31,14842652.6565,-26741.0245999992,-13454.0,-0.0017983937,-0.0006074,0.1375,0.1375,0.1374,0.1374,5707.0
2024-08-21 21:50:00,CTSIUSDT,66c661287e08336d80fd09fd,Binance,5m,22134163.0,3043447.4125,0.6705,2024-08-22 05:50:32,14840956.2915,-1696.3650000002,-2530.0,-0.0001142899,-0.0001142899,0.1375,0.1375,0.1375,0.1375,7473.0
2024-08-21 21:55:00,CTSIUSDT,66c66253a2d21b26bbc70ac6,Binance,5m,22135021.0,3042265.17636646,0.6704,2024-08-22 05:55:31,14839318.0784,-1638.2131000012,858.0,-0.0001103846,3.87636e-05,0.1375,0.1376,0.1375,0.1375,32579.0
2024-08-21 22:00:00,CTSIUSDT,66c6637f4fdbdea06e8215a5,Binance,5m,22132250.0,3039297.509255,0.6707,2024-08-22 06:00:31,14844100.075,4781.9966000002,-2771.0,0.0003222518,-0.0001251862,0.1374,0.1376,0.1373,0.1375,38697.0
2024-08-21 22:05:00,CTSIUSDT,66c664ac8c166d0b0f385ef8,Binance,5m,22098202.0,3040712.5952,0.6701,2024-08-22 06:05:32,14808005.1602,-36094.9147999994,-34048.0,-0.0024316001,-0.0015383886,0.1376,0.1378,0.1376,0.1378,25601.0
2024-08-21 22:10:00,CTSIUSDT,66c665d944f4de98a235aeef,Binance,5m,22075998.0,3046487.724,0.6691,2024-08-22 06:10:33,14771050.2618,-36954.8983999994,-22204.0,-0.0024956028,-0.0010047876,0.138,0.1381,0.138,0.1381,21918.0
2024-08-21 22:15:00,CTSIUSDT,66c6670ffe5ab1c342a35b6b,Binance,5m,22039022.0,3041385.036,0.6687,2024-08-22 06:15:43,14737494.0114,-33556.2504000012,-36976.0,-0.0022717579,-0.0016749413,0.138,0.138,0.1379,0.138,55406.0
2024-08-21 22:20:00,CTSIUSDT,66c6682fccc9148745e856dd,Binance,5m,21989140.0,3032456.5498714,0.6697,2024-08-22 06:20:31,14726127.057999998,-11366.9534000009,-49882.0,-0.0007712949,-0.0022633491,0.1379,0.1381,0.1379,0.1381,75832.0
2024-08-21 22:25:00,CTSIUSDT,66c66960afebd1cf47f7e1f4,Binance,5m,21935931.0,3026886.69181491,0.6686,2024-08-22 06:25:36,14666363.4666,-59763.5913999993,-53209.0,-0.0040583373,-0.0024197854,0.138,0.138,0.138,0.138,953.0
2024-08-21 22:30:00,CTSIUSDT,66c66a8b3edec628fd4471c3,Binance,5m,21935721.0,3029323.0701,0.6693,2024-08-22 06:30:35,14681578.0653,15214.5987000018,-210.0,0.0010373804,-9.5733e-06,0.138,0.138,0.1379,0.1379,24110.0
2024-08-21 22:35:00,CTSIUSDT,66c66bbce20e8286e6bcf1be,Binance,5m,21905918.0,3026647.15179014,0.6696,2024-08-22 06:35:40,14668202.6928,-13375.3725000005,-29803.0,-0.000911031,-0.0013586515,0.1381,0.1381,0.1381,0.1381,198.0
2024-08-21 22:40:00,CTSIUSDT,66c66ce1e67e235d3998dcfb,Binance,5m,21902421.0,3018153.6138,0.67,2024-08-22 06:40:33,14674622.07,6419.3772,-3497.0,0.000437639,-0.0001596372,0.1377,0.1377,0.1377,0.1377,1340.0
2024-08-21 22:45:00,CTSIUSDT,66c66e11e5ddfc5263578dc2,Binance,5m,21902043.0,3015911.3211,0.671,2024-08-22 06:45:37,14696270.853,21648.7829999998,-378.0,0.0014752532,-1.72584e-05,0.1376,0.1377,0.1376,0.1377,34753.0
2024-08-21 22:50:00,CTSIUSDT,66c66f39007eaead9f784783,Binance,5m,21885439.0,3020190.582,0.671,2024-08-22 06:50:33,14685129.569,-11141.284,-16604.0,-0.0007581028,-0.0007581028,0.138,0.138,0.1378,0.1378,14885.0
2024-08-21 22:55:00,CTSIUSDT,66c6705f68a12d1920070042,Binance,5m,21893804.0,3017335.1017974,0.6716,2024-08-22 06:55:27,14703878.7664,18749.1973999999,8365.0,0.0012767472,0.0003822176,0.1378,0.1379,0.1378,0.1379,1647.0
2024-08-21 23:00:00,CTSIUSDT,66c671956415d8517b4c813d,Binance,5m,21890689.0,3014347.8753,0.6713,2024-08-22 07:00:37,14695219.5257,-8659.240699999,-3115.0,-0.0005889086,-0.0001422777,0.1377,0.1379,0.1377,0.1379,6769.0
2024-08-21 23:05:00,CTSIUSDT,66c672c049cb7a70448c3e07,Binance,5m,21881546.0,3008712.575,0.6706,2024-08-22 07:05:36,14673764.7476,-21454.7781000007,-9143.0,-0.0014599835,-0.0004176662,0.1375,0.1376,0.1374,0.1374,2931.0
2024-08-21 23:10:00,CTSIUSDT,66c673e4c705387ff27b46ea,Binance,5m,21904806.0,3013908.10521108,0.6722,2024-08-22 07:10:28,14724410.5932,50645.8455999997,23260.0,0.0034514555,0.0010629962,0.1377,0.1377,0.1376,0.1376,4256.0
2024-08-21 23:15:00,CTSIUSDT,66c67513aa26c865d626e17c,Binance,5m,21900996.0,3020147.3484,0.6719,2024-08-22 07:15:31,14715279.2124,-9131.3807999995,-3810.0,-0.0006201526,-0.0001739344,0.138,0.138,0.1379,0.1379,3738.0
2024-08-21 23:20:00,CTSIUSDT,66c6764b9fcdae62bd6d2b3f,Binance,5m,21918993.0,3018365.45218164,0.672,2024-08-22 07:20:43,14729563.296,14284.0835999995,17997.0,0.0009706974,0.0008217434,0.1376,0.1376,0.1376,0.1376,725.0
2024-08-21 23:25:00,CTSIUSDT,66c67771d673f0ea6fb79891,Binance,5m,21922938.0,3011109.83433612,0.6716,2024-08-22 07:25:37,14723445.1608,-6118.1352000013,3945.0,-0.0004153643,0.0001799809,0.1373,0.1374,0.1373,0.1373,60779.0
2024-08-21 23:30:00,CTSIUSDT,66c6789d73bc8f17ebe15fcd,Binance,5m,21916623.0,3010563.33008874,0.6712,2024-08-22 07:30:37,14710437.3576,-13007.803199999,-6315.0,-0.0008834755,-0.0002880545,0.1373,0.1374,0.1373,0.1374,14042.0
2024-08-21 23:35:00,CTSIUSDT,66c679c611b166a7e30fff1b,Binance,5m,21918733.0,3004116.44634299,0.672,2024-08-22 07:35:34,14729388.576,18951.2184000015,2110.0,0.0012882838,9.6274e-05,0.137,0.137,0.1369,0.137,7232.0
2024-08-21 23:40:00,CTSIUSDT,66c67afadd6736a5b6f696ac,Binance,5m,21892034.0,3000285.30823212,0.6722,2024-08-22 07:40:42,14715825.2548,-13563.3212000001,-26699.0,-0.000920834,-0.0012180905,0.137,0.137,0.1369,0.1369,7183.0
2024-08-21 23:45:00,CTSIUSDT,66c67c24f1dfd54907139b47,Binance,5m,21881571.0,3002151.5412,0.6724,2024-08-22 07:45:40,14713168.3404,-2656.914400002,-10463.0,-0.0001805481,-0.0004779364,0.1373,0.1373,0.1372,0.1372,11088.0
2024-08-21 23:50:00,CTSIUSDT,66c67d4c8193fdf00f0f4a32,Binance,5m,21880599.0,2999830.1229,0.6728,2024-08-22 07:50:36,14721267.0072,8098.6667999998,-972.0,0.0005504366,-4.44209e-05,0.1372,0.1372,0.1372,0.1372,158.0
2024-08-21 23:55:00,CTSIUSDT,66c67e7e74b6275012d23411,Binance,5m,21877790.0,3004112.6354965,0.6723,2024-08-22 07:55:42,14708438.217,-12828.7901999988,-2809.0,-0.0008714461,-0.0001283786,0.1374,0.1374,0.1373,0.1374,2558.0
2024-08-22 00:00:00,CTSIUSDT,66c67fa0d0d183808d691ac4,Binance,5m,21886029.0,3007140.3846,0.6729,2024-08-22 08:00:32,14727108.9141,18670.6971000005,8239.0,0.0012693868,0.000376592,0.1374,0.1376,0.1373,0.1376,38957.0
2024-08-22 00:05:00,CTSIUSDT,66c680c89feb80ec6ad6ce14,Binance,5m,21874191.0,3016450.9389,0.6716,2024-08-22 08:05:28,14690706.6756,-36402.2385000009,-11838.0,-0.0024717844,-0.000540893,0.138,0.1381,0.1379,0.1381,26848.0
2024-08-22 00:10:00,CTSIUSDT,66c681f7e1762ce74c8fafd0,Binance,5m,21866840.0,3020448.8970596,0.6714,2024-08-22 08:10:31,14681396.376,-9310.2995999996,-7351.0,-0.0006337544,-0.0003360581,0.138,0.1381,0.138,0.1381,16172.0
2024-08-22 00:15:00,CTSIUSDT,66c6832a7d43d9564231e267,Binance,5m,21866745.0,3019797.4845,0.6717,2024-08-22 08:15:38,14687892.6165,6496.2404999994,-95.0,0.0004424811,-4.3445e-06,0.1382,0.1383,0.1381,0.1382,11577.0
2024-08-22 00:20:00,CTSIUSDT,66c6845632018bdf82078826,Binance,5m,21847722.0,3016664.6334357,0.6728,2024-08-22 08:20:38,14699147.3616,11254.745099999,-19023.0,0.00076626,-0.0008699512,0.138,0.1381,0.1379,0.1379,18808.0
2024-08-22 00:25:00,CTSIUSDT,66c6857794c78a0b5551e989,Binance,5m,21806986.0,3012725.39682204,0.6738,2024-08-22 08:25:27,14693547.1668,-5600.1947999988,-40736.0,-0.0003809877,-0.0018645422,0.1379,0.1379,0.1378,0.1378,7619.0
2024-08-22 00:30:00,CTSIUSDT,66c686a49975be87296ee194,Binance,5m,21799489.0,3008329.482,0.6743,2024-08-22 08:30:28,14699395.4327,5848.2659000009,-7497.0,0.0003980159,-0.0003437889,0.1379,0.138,0.1379,0.138,6780.0
2024-08-22 00:35:00,CTSIUSDT,66c687d6d61a80885a4fbe39,Binance,5m,21799637.0,3008551.98863499,0.6734,2024-08-22 08:35:34,14679875.5558,-19519.8769000005,148.0,-0.0013279374,6.7891e-06,0.138,0.138,0.138,0.138,0.0
2024-08-22 00:40:00,CTSIUSDT,66c689072d0699d0faab55a7,Binance,5m,21804348.0,3013360.8936,0.6737,2024-08-22 08:40:39,14689589.247599998,9713.6917999983,4711.0,0.0006617012,0.0002161045,0.1383,0.1383,0.1383,0.1383,2338.0
2024-08-22 00:45:00,CTSIUSDT,66c68a2508158868d309f7bd,Binance,5m,21811261.0,3010692.11107224,0.6728,2024-08-22 08:45:25,14674616.4008,-14972.8467999995,6913.0,-0.0010192829,0.0003170469,0.1381,0.1383,0.1381,0.1382,17083.0
2024-08-22 00:50:00,CTSIUSDT,66c68b62b6c47692ef269594,Binance,5m,21793843.0,3007853.92223299,0.6735,2024-08-22 08:50:42,14678153.2605,3536.8596999999,-17418.0,0.0002410189,-0.0007985783,0.1381,0.1382,0.1381,0.1382,19510.0
2024-08-22 00:55:00,CTSIUSDT,66c68c7fdc2549350d9b79f5,Binance,5m,21806152.0,3012744.06604256,0.6721,2024-08-22 08:55:27,14655914.7592,-22238.5012999978,12309.0,-0.0015150749,0.0005647925,0.138,0.138,0.1379,0.138,19114.0
2024-08-22 01:00:00,CTSIUSDT,66c68db8f117bb2212405503,Binance,5m,21802627.0,3003055.25233021,0.6725,2024-08-22 09:00:40,14662266.6575,6351.8982999977,-3525.0,0.0004334017,-0.0001616516,0.1377,0.138,0.1377,0.1378,42601.0
2024-08-22 01:05:00,CTSIUSDT,66c68ed81ad8da08a2cc9b4b,Binance,5m,21800654.0,3002112.90668538,0.6718,2024-08-22 09:05:28,14645679.3572,-16587.3003000002,-1973.0,-0.0011312917,-9.04937e-05,0.1377,0.1377,0.1375,0.1375,10134.0
2024-08-22 01:10:00,CTSIUSDT,66c69007468a4ca05f2d8b3f,Binance,5m,21810990.0,3016781.4109926,0.6717,2024-08-22 09:10:31,14650441.983,4762.6258000005,10336.0,0.0003251898,0.0004741142,0.1384,0.1387,0.1383,0.1386,36207.0
2024-08-22 01:15:00,CTSIUSDT,66c6912e636469482789d367,Binance,5m,21840268.0,3025273.08205884,0.6712,2024-08-22 09:15:26,14659187.8816,8745.8986000009,29278.0,0.0005969717,0.0013423508,0.1386,0.1387,0.1386,0.1386,7042.0
2024-08-22 01:20:00,CTSIUSDT,66c6926abf43d0f9cf6ef2e0,Binance,5m,21826681.0,3024924.36056678,0.6714,2024-08-22 09:20:42,14654433.6234,-4754.2581999991,-13587.0,-0.0003243193,-0.0006221078,0.1385,0.1385,0.1385,0.1385,4153.0
2024-08-22 01:25:00,CTSIUSDT,66c69396107b20f2db661d35,Binance,5m,21808442.0,3011745.8402,0.6717,2024-08-22 09:25:42,14648730.4914,-5703.1320000011,-18239.0,-0.0003891745,-0.0008356287,0.1381,0.1381,0.1381,0.1381,189.0
2024-08-22 01:30:00,CTSIUSDT,66c694bd6bb78464e39e3fcf,Binance,5m,21801689.0,3011287.00160197,0.6726,2024-08-22 09:30:37,14663816.0214,15085.5299999993,-6753.0,0.0010298183,-0.0003096507,0.138,0.1381,0.1379,0.1381,2832.0
2024-08-22 01:35:00,CTSIUSDT,66c695e7e9858a1eb6a4a90d,Binance,5m,21782885.0,3014751.284,0.6729,2024-08-22 09:35:35,14657703.3165,-6112.7048999984,-18804.0,-0.0004168564,-0.000862502,0.1383,0.1383,0.1382,0.1382,2460.0
2024-08-22 01:40:00,CTSIUSDT,66c69718aa2c924cff917fcb,Binance,5m,21790046.0,3009205.3526,0.6735,2024-08-22 09:40:40,14675595.981,17892.6645,7161.0,0.0012207004,0.0003287443,0.1381,0.1381,0.138,0.138,19314.0
2024-08-22 01:45:00,CTSIUSDT,66c6983a3da79631d1046a91,Binance,5m,21785665.0,3008475.2867829,0.6732,2024-08-22 09:45:30,14666109.678,-9486.3029999994,-4381.0,-0.0006463998,-0.0002010551,0.138,0.1381,0.138,0.1381,10903.0
2024-08-22 01:50:00,CTSIUSDT,66c69966e6fe1114c4443761,Binance,5m,21783905.0,3008357.2805,0.6732,2024-08-22 09:50:30,14664924.846,-1184.8320000004,-1760.0,-8.07871e-05,-8.07871e-05,0.1381,0.1382,0.1381,0.1381,9862.0
2024-08-22 01:55:00,CTSIUSDT,66c69a99ace03611023c7377,Binance,5m,21762413.0,3003478.27781447,0.6733,2024-08-22 09:55:37,14652632.6729,-12292.1731000002,-21492.0,-0.0008382023,-0.0009866,0.138,0.1383,0.138,0.1381,20454.0
2024-08-22 02:00:00,CTSIUSDT,66c69bbf5610672bef7611dc,Binance,5m,21749695.0,3009249.30323985,0.6737,2024-08-22 10:00:31,14652769.5215,136.8485999983,-12718.0,9.3395e-06,-0.0005844021,0.1384,0.1385,0.1382,0.1385,21815.0
2024-08-22 02:05:00,CTSIUSDT,66c69cf1e78ce5fb5909e3b9,Binance,5m,21763411.0,3011060.40634675,0.6712,2024-08-22 10:05:37,14607601.4632,-45168.0582999978,13716.0,-0.0030825612,0.0006306295,0.1383,0.1383,0.1383,0.1383,2533.0
2024-08-22 02:10:00,CTSIUSDT,66c69e1f05e6883ed9f72ea9,Binance,5m,21775177.0,3011705.56871424,0.6714,2024-08-22 10:10:39,14619853.8378,12252.3745999988,11766.0,0.000838767,0.0005406322,0.1383,0.1384,0.1383,0.1384,24204.0
2024-08-22 02:15:00,CTSIUSDT,66c69f438314891bf3d61644,Binance,5m,21793260.0,3020030.425401,0.6697,2024-08-22 10:15:31,14594946.222,-24907.6158000007,18083.0,-0.0017036843,0.000830441,0.1385,0.1387,0.1385,0.1387,35707.0
2024-08-22 02:20:00,CTSIUSDT,66c6a06bf1d42e3c7881a876,Binance,5m,21830979.0,3024149.90118198,0.6697,2024-08-22 10:20:27,14620206.6363,25260.4143000003,37719.0,0.0017307645,0.0017307645,0.1385,0.1385,0.1385,0.1385,0.0
2024-08-22 02:25:00,CTSIUSDT,66c6a19a608c3cfe4145b00c,Binance,5m,21828113.0,3019603.79903602,0.6697,2024-08-22 10:25:30,14618287.2761,-1919.3602000009,-2866.0,-0.0001312813,-0.0001312813,0.1383,0.1383,0.1381,0.1381,23449.0
2024-08-22 02:30:00,CTSIUSDT,66c6a2cab60b3c618624fafa,Binance,5m,21815495.0,3010538.31,0.6698,2024-08-22 10:30:34,14612018.551,-6268.7250999995,-12618.0,-0.0004288276,-0.0005780619,0.1379,0.138,0.1377,0.138,49994.0
2024-08-22 02:35:00,CTSIUSDT,66c6a3f0d96207596b6a6dd0,Binance,5m,21809266.0,3014399.54171836,0.6711,2024-08-22 10:35:28,14636198.4126,24179.8616000023,-6229.0,0.0016547927,-0.000285531,0.1382,0.1382,0.1381,0.1382,8947.0
2024-08-22 02:40:00,CTSIUSDT,66c6a51d8afd9211abd1170f,Binance,5m,21786403.0,3008702.2543,0.6714,2024-08-22 10:40:29,14627390.9742,-8807.4384000022,-22863.0,-0.0006017572,-0.0010483159,0.138,0.138,0.1379,0.1379,3810.0
2024-08-22 02:45:00,CTSIUSDT,66c6a64f276a5640666de3d6,Binance,5m,21781797.0,3001531.6266,0.6722,2024-08-22 10:45:35,14641723.9434,14332.969200002,-4606.0,0.0009798719,-0.0002114163,0.1378,0.1379,0.1378,0.1379,3572.0
2024-08-22 02:50:00,CTSIUSDT,66c6a77423252540472c497f,Binance,5m,21798932.0,2999533.0432,0.6718,2024-08-22 10:50:28,14644522.517599998,2798.5741999969,17135.0,0.0001911369,0.000786666,0.1375,0.1376,0.1374,0.1375,30870.0
2024-08-22 02:55:00,CTSIUSDT,66c6a8a7f7bcde3094c4af8d,Binance,5m,21689582.0,2968031.03112824,0.675,2024-08-22 10:55:35,14640467.85,-4054.6675999966,-109350.0,-0.0002768726,-0.0050163008,0.1368,0.1372,0.1368,0.1369,60339.0
2024-08-22 03:00:00,CTSIUSDT,66c6a9d816c5857f079eea1c,Binance,5m,21730348.0,2991816.05914768,0.674,2024-08-22 11:00:40,14646254.552,5786.7019999996,40766.0,0.0003952539,0.0018795199,0.1377,0.1379,0.1376,0.1376,54568.0
2024-08-22 03:05:00,CTSIUSDT,66c6aafc8b682d2f7e163a8a,Binance,5m,21690840.0,2973997.6685064,0.6753,2024-08-22 11:05:32,14647824.252,1569.6999999993,-39508.0,0.0001071742,-0.0018181025,0.1372,0.1375,0.1371,0.1375,59854.0
2024-08-22 03:10:00,CTSIUSDT,66c6ac2a814cf9960c0067d0,Binance,5m,21698503.0,2992223.5637,0.6751,2024-08-22 11:10:34,14648659.3753,835.123300001,7663.0,5.70135e-05,0.0003532828,0.1379,0.138,0.1379,0.138,2899.0
2024-08-22 03:15:00,CTSIUSDT,66c6ad5d73491647ca36eae4,Binance,5m,21701857.0,2991323.42069897,0.6758,2024-08-22 11:15:41,14666114.9606,17455.5852999985,3354.0,0.0011916166,0.0001545729,0.1378,0.1378,0.1377,0.1377,14695.0
2024-08-22 03:20:00,CTSIUSDT,66c6ae7df89156b2a2e0d4e9,Binance,5m,21662287.0,2973056.39278451,0.677,2024-08-22 11:20:29,14665368.299,-746.6615999993,-39570.0,-5.09107e-05,-0.0018233463,0.1372,0.1373,0.1372,0.1373,21080.0
2024-08-22 03:25:00,CTSIUSDT,66c6afa75388cccff3859282,Binance,5m,21666663.0,2974832.8299,0.6769,2024-08-22 11:25:27,14666164.1847,795.8856999986,4376.0,5.42697e-05,0.0002020101,0.1374,0.1375,0.1374,0.1374,2320.0
2024-08-22 03:30:00,CTSIUSDT,66c6b0d2a7d7ee0d34fe1357,Binance,5m,21678093.0,2982689.89977465,0.677,2024-08-22 11:30:26,14676068.961,9904.7763000019,11430.0,0.0006753488,0.0005275386,0.1376,0.1376,0.1374,0.1375,23921.0
2024-08-22 03:35:00,CTSIUSDT,66c6b202cfd25dadd2f62d19,Binance,5m,21676535.0,2978355.909,0.6779,2024-08-22 11:35:30,14694523.0765,18454.1154999975,-1558.0,0.0012574291,-7.18698e-05,0.1374,0.1375,0.1372,0.1372,11035.0
2024-08-22 03:40:00,CTSIUSDT,66c6b33a0bcc0565e8df85d6,Binance,5m,21661122.0,2974072.0506,0.679,2024-08-22 11:40:42,14707901.838,13378.7615000028,-15413.0,0.000910459,-0.0007110454,0.1373,0.1374,0.1373,0.1373,17709.0
2024-08-22 03:45:00,CTSIUSDT,66c6b45afa9054c430531a03,Binance,5m,21664798.0,2977052.83516342,0.6785,2024-08-22 11:45:30,14699565.443,-8336.3950000014,3676.0,-0.000566797,0.000169705,0.1373,0.1373,0.1371,0.1372,15423.0
2024-08-22 03:50:00,CTSIUSDT,66c6b5839d2a53865f5c9da0,Binance,5m,21662474.0,2976423.9276,0.679,2024-08-22 11:50:27,14708819.846,9254.4030000009,-2324.0,0.0006295698,-0.0001072708,0.1373,0.1374,0.1373,0.1374,3329.0
2024-08-22 03:55:00,CTSIUSDT,66c6b6b2de5b91686bdd5503,Binance,5m,21654863.0,2977977.84250315,0.6784,2024-08-22 11:55:30,14690659.0592,-18160.7868000008,-7611.0,-0.0012346869,-0.0003513449,0.1374,0.1375,0.1374,0.1375,5612.0
2024-08-22 04:00:00,CTSIUSDT,66c6b7e7a2e502768ab32945,Binance,5m,21688460.0,2984332.096,0.6779,2024-08-22 12:00:39,14702607.033999998,11947.9747999981,33597.0,0.0008133042,0.001551476,0.1376,0.1377,0.1376,0.1377,18815.0
2024-08-22 04:05:00,CTSIUSDT,66c6b9173111ff353a590b91,Binance,5m,21666398.0,2975474.17032944,0.6773,2024-08-22 12:05:43,14674651.3654,-27955.6685999986,-22062.0,-0.0019014089,-0.001017223,0.1374,0.1374,0.1373,0.1374,26830.0
2024-08-22 04:10:00,CTSIUSDT,66c6ba3688f827541bf504b8,Binance,5m,21642494.0,2978007.1744,0.6778,2024-08-22 12:10:30,14669282.4332,-5368.9321999997,-23904.0,-0.0003658644,-0.0011032752,0.1376,0.1379,0.1376,0.1378,25148.0
2024-08-22 04:15:00,CTSIUSDT,66c6bb6343b9702686d5ec84,Binance,5m,21649193.0,2985423.7147,0.6765,2024-08-22 12:15:31,14645679.0645,-23603.3686999995,6699.0,-0.0016090336,0.0003095299,0.1379,0.1382,0.1378,0.1378,51952.0
2024-08-22 04:20:00,CTSIUSDT,66c6bc956e5c29cc27a2d34e,Binance,5m,21620993.0,2984792.13729545,0.6763,2024-08-22 12:20:37,14622277.5659,-23401.4986000005,-28200.0,-0.0015978432,-0.001302589,0.1381,0.1382,0.1381,0.1382,12957.0
2024-08-22 04:25:00,CTSIUSDT,66c6bdc15dc2760493ddc208,Binance,5m,21615667.0,2982962.046,0.6771,2024-08-22 12:25:37,14635968.1257,13690.5598000009,-5326.0,0.0009362809,-0.0002463347,0.138,0.138,0.1379,0.138,6844.0
2024-08-22 04:30:00,CTSIUSDT,66c6bee419a6d7abafdb2e4d,Binance,5m,21649244.0,2982798.84900692,0.6788,2024-08-22 12:30:28,14695506.8272,59538.7014999986,33577.0,0.0040679715,0.001553364,0.1377,0.1377,0.1376,0.1376,2611.0
2024-08-22 04:35:00,CTSIUSDT,66c6c016b68414bb771309d6,Binance,5m,21624475.0,2977690.2075,0.6793,2024-08-22 12:35:34,14689505.8675,-6000.9596999995,-24769.0,-0.0004083534,-0.0011441046,0.1377,0.1377,0.1375,0.1375,31191.0
2024-08-22 04:40:00,CTSIUSDT,66c6c1419c9a063e9f0fcbeb,Binance,5m,21634583.0,2974755.1625,0.6794,2024-08-22 12:40:33,14698535.6902,9029.8227000013,10108.0,0.0006147125,0.0004674333,0.1374,0.1374,0.1374,0.1374,1060.0
2024-08-22 04:45:00,CTSIUSDT,66c6c26fec23e74d4af1c364,Binance,5m,21632168.0,2978749.5336,0.6789,2024-08-22 12:45:35,14686078.855199998,-12456.8350000028,-2415.0,-0.0008474882,-0.0001116268,0.1377,0.1379,0.1377,0.1379,4850.0
2024-08-22 04:50:00,CTSIUSDT,66c6c3a18f228308594ca5e7,Binance,5m,21659041.0,2986781.7539,0.6776,2024-08-22 12:50:41,14676166.1816,-9912.6735999994,26873.0,-0.0006749707,0.0012422703,0.138,0.138,0.138,0.138,33737.0
2024-08-22 04:55:00,CTSIUSDT,66c6c4c7ee14ca0088d92544,Binance,5m,21675266.0,2992648.05443372,0.6766,2024-08-22 12:55:35,14665484.9756,-10681.2059999984,16225.0,-0.0007277927,0.0007491098,0.1381,0.1381,0.138,0.138,122.0
2024-08-22 05:00:00,CTSIUSDT,66c6c5f7a039e96a9b1ba644,Binance,5m,21662167.0,2995877.6961,0.6763,2024-08-22 13:00:39,14650123.5421,-15361.4334999993,-13099.0,-0.0010474549,-0.0006043294,0.1382,0.1382,0.1381,0.1381,34897.0
2024-08-22 05:05:00,CTSIUSDT,66c6c7208a69b7f7a9fb7914,Binance,5m,21662538.0,2985097.7364,0.678,2024-08-22 13:05:36,14687200.764,37077.2218999993,371.0,0.002530847,1.71266e-05,0.1377,0.1378,0.1377,0.1377,5940.0
2024-08-22 05:10:00,CTSIUSDT,66c6c85173e3729c1c586a22,Binance,5m,21669370.0,2985155.2923977,0.6784,2024-08-22 13:10:41,14700500.608,13299.8440000005,6832.0,0.0009055397,0.0003153832,0.1377,0.1377,0.1376,0.1377,16260.0
2024-08-22 05:15:00,CTSIUSDT,66c6c978386bedf6220df4bc,Binance,5m,21675846.0,2981730.4595523,0.6788,2024-08-22 13:15:36,14713564.2648,13063.6567999981,6476.0,0.0008886539,0.000298855,0.1375,0.1376,0.1374,0.1375,50659.0
2024-08-22 05:20:00,CTSIUSDT,66c6caa26d4adae0682682da,Binance,5m,21678768.0,2982998.4768,0.6788,2024-08-22 13:20:34,14715547.7184,1983.4536000006,2922.0,0.0001348044,0.0001348044,0.1376,0.1376,0.1376,0.1376,2099.0
2024-08-22 05:25:00,CTSIUSDT,66c6cbc8b62a954e3dab516d,Binance,5m,21678444.0,2981888.61566184,0.6788,2024-08-22 13:25:28,14715327.787199998,-219.9312000014,-324.0,-1.49455e-05,-1.49455e-05,0.1376,0.1376,0.1375,0.1376,1345.0
2024-08-22 05:30:00,CTSIUSDT,66c6ccf5d9d7d08493934ce0,Binance,5m,21679528.0,2983136.87286368,0.6785,2024-08-22 13:30:29,14709559.748,-5768.0391999986,1084.0,-0.0003919749,5.00036e-05,0.1376,0.1376,0.1375,0.1375,9937.0
2024-08-22 05:35:00,CTSIUSDT,66c6ce2357776135ebc8424b,Binance,5m,21686102.0,2986176.2454,0.6783,2024-08-22 13:35:31,14709682.9866,123.2386000007,6574.0,8.3781e-06,0.0003032354,0.1377,0.1377,0.1377,0.1377,0.0
2024-08-22 05:40:00,CTSIUSDT,66c6cf6669d752a01b6aaa83,Binance,5m,21690519.0,2989974.70783452,0.6782,2024-08-22 13:40:54,14710509.9858,826.9991999995,4417.0,5.62214e-05,0.0002036788,0.1378,0.1378,0.1378,0.1378,2016.0
2024-08-22 05:45:00,CTSIUSDT,66c6d07cca1981ff6425de9a,Binance,5m,21697056.0,2985514.9056,0.6787,2024-08-22 13:45:32,14725791.9072,15281.9213999994,6537.0,0.0010388438,0.0003013759,0.1376,0.1377,0.1376,0.1376,23810.0
2024-08-22 05:50:00,CTSIUSDT,66c6d1a8011fe3d9bbfefcd1,Binance,5m,21693757.0,2985062.91563813,0.6778,2024-08-22 13:50:32,14704028.4946,-21763.4125999995,-3299.0,-0.0014779112,-0.0001520483,0.1376,0.1376,0.1376,0.1376,1452.0
2024-08-22 05:55:00,CTSIUSDT,66c6d2dfbb8f9a0656ab1482,Binance,5m,21695424.0,2988942.55007616,0.6785,2024-08-22 13:55:43,14720345.184,16316.6894000005,1667.0,0.0011096748,7.68424e-05,0.1377,0.138,0.1377,0.1379,13534.0
2024-08-22 06:00:00,CTSIUSDT,66c6d40a3b8042c784f1ce4a,Binance,5m,21692613.0,2993273.86045218,0.6786,2024-08-22 14:00:42,14720607.1818,261.9978,-2811.0,1.77983e-05,-0.0001295665,0.1379,0.138,0.1378,0.138,79233.0
2024-08-22 06:05:00,CTSIUSDT,66c6d52be2c304bc301fa7c6,Binance,5m,21693255.0,2997934.9516632,0.6783,2024-08-22 14:05:31,14714534.8665,-6072.3153000008,642.0,-0.0004125044,2.95953e-05,0.1382,0.1383,0.1381,0.1381,35853.0
2024-08-22 06:10:00,CTSIUSDT,66c6d658ea48c51f73b6c0df,Binance,5m,21698310.0,2997375.4676646,0.6819,2024-08-22 14:10:32,14796077.589,81542.7225000001,5055.0,0.0055416446,0.0002330217,0.1381,0.1381,0.1381,0.1381,24841.0
2024-08-22 06:15:00,CTSIUSDT,66c6d788905776b23c9175bb,Binance,5m,21748373.0,2994750.9621,0.6835,2024-08-22 14:15:36,14865012.9455,68935.3564999998,50063.0,0.0046590291,0.0023072304,0.1377,0.1378,0.1376,0.1376,95195.0
2024-08-22 06:20:00,CTSIUSDT,66c6d8ae3dd4c047c9e18109,Binance,5m,21764325.0,2997603.31161225,0.6829,2024-08-22 14:20:30,14862857.5425,-2155.4030000009,15952.0,-0.0001449984,0.0007334802,0.1376,0.1376,0.1375,0.1375,921.0
2024-08-22 06:25:00,CTSIUSDT,66c6d9e59565ebf6e416f0f7,Binance,5m,21753681.0,2991131.1375,0.684,2024-08-22 14:25:41,14879517.804,16660.2615000028,-10644.0,0.0011209326,-0.0004890572,0.1375,0.1376,0.1375,0.1376,8970.0
2024-08-22 06:30:00,CTSIUSDT,66c6db0f61d2b10f39515df9,Binance,5m,21735478.0,2992975.3206,0.6849,2024-08-22 14:30:39,14886628.8822,7111.0781999975,-18203.0,0.0004779105,-0.0008367779,0.1376,0.1376,0.1375,0.1375,11936.0
2024-08-22 06:35:00,CTSIUSDT,66c6dc2fde8e6329a2e05063,Binance,5m,21733667.0,2988379.2125,0.6848,2024-08-22 14:35:27,14883215.1616,-3413.7205999997,-1811.0,-0.0002293145,-8.332e-05,0.1375,0.1375,0.1375,0.1375,86.0
2024-08-22 06:40:00,CTSIUSDT,66c6dd60f7be3749a8c145b7,Binance,5m,21730821.0,2990160.9696,0.6846,2024-08-22 14:40:32,14876920.0566,-6295.1050000004,-2846.0,-0.0004229667,-0.0001309489,0.1375,0.1376,0.1375,0.1375,2327.0
2024-08-22 06:45:00,CTSIUSDT,66c6de8f211c347a8ffc9f0d,Binance,5m,21725255.0,2987586.6777738,0.6846,2024-08-22 14:45:35,14873109.573,-3810.4835999999,-5566.0,-0.0002561339,-0.0002561339,0.1374,0.1376,0.1374,0.1375,7929.0
2024-08-22 06:50:00,CTSIUSDT,66c6dfb82abb3c28a347b529,Binance,5m,21717813.0,2992714.6314,0.6845,2024-08-22 14:50:32,14865842.9985,-7266.5744999982,-7442.0,-0.0004885713,-0.0003425506,0.1378,0.1378,0.1378,0.1378,6264.0
2024-08-22 06:55:00,CTSIUSDT,66c6e0df2fd680aefe53f689,Binance,5m,21728617.0,2998549.146,0.6833,2024-08-22 14:55:27,14847163.9961,-18679.0023999996,10804.0,-0.0012565048,0.0004974718,0.1379,0.1379,0.1379,0.1379,2820.0
2024-08-22 07:00:00,CTSIUSDT,66c6e214c848c873ccdf0266,Binance,5m,21738789.0,2995917.72798582,0.6835,2024-08-22 15:00:36,14858462.2815,11298.2853999995,10172.0,0.0007609726,0.0004681384,0.1377,0.1379,0.1377,0.1378,5753.0
2024-08-22 07:05:00,CTSIUSDT,66c6e338a766657f5e53585d,Binance,5m,21739416.0,2997614.3761452,0.6832,2024-08-22 15:05:28,14852369.0112,-6093.270299999,627.0,-0.0004100875,2.88425e-05,0.1379,0.1379,0.1379,0.1379,6363.0
2024-08-22 07:10:00,CTSIUSDT,66c6e473f3e4a62e81525456,Binance,5m,21745131.0,2996479.0518,0.6831,2024-08-22 15:10:43,14854098.9861,1729.9748999998,5715.0,0.000116478,0.0002628865,0.1378,0.1378,0.1375,0.1375,9444.0
2024-08-22 07:15:00,CTSIUSDT,66c6e59175edc1dfde6499f4,Binance,5m,21735640.0,2992997.628,0.6835,2024-08-22 15:15:29,14856309.94,2210.9538999982,-9491.0,0.0001488447,-0.0004364655,0.1378,0.1378,0.1377,0.1377,7083.0
2024-08-22 07:20:00,CTSIUSDT,66c6e6c586f01264df9a2e1f,Binance,5m,21730828.0,2997110.58236128,0.6849,2024-08-22 15:20:37,14883444.0972,27134.1571999993,-4812.0,0.0018264399,-0.0002213875,0.1379,0.1379,0.1377,0.1377,80322.0
2024-08-22 07:25:00,CTSIUSDT,66c6e7e93c5e18791668d6a6,Binance,5m,21921799.0,3008368.81288016,0.6888,2024-08-22 15:25:29,15099735.1512,216291.0540000014,190971.0,0.0145323255,0.0087880223,0.1372,0.1373,0.1372,0.1372,16462.0
2024-08-22 07:30:00,CTSIUSDT,66c6e91f3d5f070d8b538f62,Binance,5m,21925808.0,3003835.696,0.688,2024-08-22 15:30:39,15084955.904,-14779.247200001,4009.0,-0.0009787753,0.0001828773,0.137,0.1371,0.1369,0.1371,34179.0
2024-08-22 07:35:00,CTSIUSDT,66c6ea45d0c229a67bb7d544,Binance,5m,21918011.0,3002767.507,0.6877,2024-08-22 15:35:33,15073016.1647,-11939.7392999995,-7797.0,-0.0007914998,-0.0003556083,0.1369,0.137,0.1369,0.137,9338.0
2024-08-22 07:40:00,CTSIUSDT,66c6eb7255bebb2fd562d233,Binance,5m,21905883.0,3005487.1476,0.6878,2024-08-22 15:40:34,15066866.3274,-6149.8373000007,-12128.0,-0.0004080031,-0.0005533349,0.1372,0.1372,0.1372,0.1372,4250.0
2024-08-22 07:45:00,CTSIUSDT,66c6eca11a6c942a6093e82e,Binance,5m,21909296.0,3007954.19627408,0.6883,2024-08-22 15:45:37,15080168.4368,13302.1094000023,3413.0,0.0008828717,0.0001558029,0.1372,0.1373,0.1372,0.1372,4921.0
2024-08-22 07:50:00,CTSIUSDT,66c6edcbc5ad9576f752b73b,Binance,5m,21893708.0,3006565.93051356,0.688,2024-08-22 15:50:35,15062871.103999998,-17297.3328000028,-15588.0,-0.0011470252,-0.0007114788,0.1373,0.1374,0.1373,0.1374,1300.0
2024-08-22 07:55:00,CTSIUSDT,66c6eef3f8a83da22f649e2a,Binance,5m,21894290.0,3010818.2488406,0.6881,2024-08-22 15:55:31,15065460.949,2589.8450000025,582.0,0.0001719357,2.6583e-05,0.1375,0.1376,0.1375,0.1376,43417.0
2024-08-22 08:00:00,CTSIUSDT,66c6f021943e10e5c280dde0,Binance,5m,21908058.0,3015246.77152788,0.688,2024-08-22 16:00:33,15072743.904,7282.9549999982,13768.0,0.0004834207,0.0006288398,0.1376,0.1377,0.1376,0.1376,46861.0
2024-08-22 08:05:00,CTSIUSDT,66c6f1484aea8a91392cdf10,Binance,5m,21896426.0,3022741.61309276,0.6873,2024-08-22 16:05:28,15049413.5898,-23330.314199999,-11632.0,-0.0015478478,-0.0005309462,0.1381,0.1382,0.1381,0.1381,18136.0
2024-08-22 08:10:00,CTSIUSDT,66c6f27f7d0f1cdc20aee77a,Binance,5m,21904359.0,3027182.4138,0.687,2024-08-22 16:10:39,15048294.633,-1118.9567999989,7933.0,-7.43522e-05,0.0003622966,0.1382,0.1384,0.1381,0.1384,55803.0
2024-08-22 08:15:00,CTSIUSDT,66c6f3ae2f6fe7d81f18b23b,Binance,5m,21926165.0,3029452.92526815,0.687,2024-08-22 16:15:42,15063275.355,14980.7219999991,21806.0,0.0009955096,0.0009955096,0.1381,0.1381,0.1379,0.1379,29901.0
2024-08-22 08:20:00,CTSIUSDT,66c6f4d9c44ba2312b01cc88,Binance,5m,21969117.0,3037025.23369722,0.6882,2024-08-22 16:20:40,15119146.3194,55870.9644000009,42952.0,0.0037090847,0.0019589381,0.1383,0.1385,0.1383,0.1385,27970.0
2024-08-22 08:25:00,CTSIUSDT,66c6f5f707affd91d656fb7f,Binance,5m,21983624.0,3047628.92597072,0.6882,2024-08-22 16:25:27,15129130.0368,9983.7173999995,14507.0,0.0006603361,0.0006603361,0.1385,0.1388,0.1385,0.1387,27467.0
2024-08-22 08:30:00,CTSIUSDT,66c6f72a2d093c644ffb8650,Binance,5m,21976764.0,3052154.30178108,0.6875,2024-08-22 16:30:34,15109025.25,-20104.7868000008,-6860.0,-0.0013288792,-0.0003120505,0.1389,0.139,0.1387,0.1387,65960.0
2024-08-22 08:35:00,CTSIUSDT,66c6f85a48a7bdb1556c2894,Binance,5m,22037244.0,3048081.84460488,0.69,2024-08-22 16:35:38,15205698.36,96673.1099999994,60480.0,0.0063983684,0.0027519975,0.1383,0.1383,0.1382,0.1382,5320.0
2024-08-22 08:40:00,CTSIUSDT,66c6f9802b36c3ad4fba02ee,Binance,5m,22024273.0,3052721.93159468,0.6896,2024-08-22 16:40:32,15187938.6608,-17759.6991999988,-12971.0,-0.0011679634,-0.0005885945,0.1386,0.1387,0.1386,0.1387,11183.0
2024-08-22 08:45:00,CTSIUSDT,66c6faa8a944fe7c722f9501,Binance,5m,22024032.0,3049532.70372384,0.6897,2024-08-22 16:45:28,15189974.8704,2036.2095999997,-241.0,0.0001340675,-1.09425e-05,0.1384,0.1384,0.1383,0.1383,10252.0
2024-08-22 08:50:00,CTSIUSDT,66c6fbd63e9c55fb4b8a5f85,Binance,5m,22010218.0,3046214.1712,0.6896,2024-08-22 16:50:30,15178246.3328,-11728.5376000013,-13814.0,-0.0007721236,-0.0006272239,0.1385,0.1386,0.1385,0.1385,11682.0
2024-08-22 08:55:00,CTSIUSDT,66c6fd0ecfd0bd24b984389c,Binance,5m,22011058.0,3054319.78092226,0.6899,2024-08-22 16:55:42,15185428.9142,7182.5813999996,840.0,0.0004732155,3.81641e-05,0.1388,0.1388,0.1385,0.1385,66054.0
2024-08-22 09:00:00,CTSIUSDT,66c6fe3aff708ba80172ba93,Binance,5m,21957181.0,3043265.2866,0.6907,2024-08-22 17:00:42,15165824.9167,-19603.9974999987,-53877.0,-0.0012909742,-0.0024477242,0.1385,0.1386,0.1385,0.1386,2795.0
2024-08-22 09:05:00,CTSIUSDT,66c6ff6d22656595dd23e51a,Binance,5m,21959707.0,3043913.38342399,0.6911,2024-08-22 17:05:49,15176353.507700002,10528.5910000019,2526.0,0.0006942313,0.0001150421,0.1386,0.1387,0.1386,0.1386,3772.0
2024-08-22 09:10:00,CTSIUSDT,66c7008bbe9c9a2768c00ade,Binance,5m,21959532.0,3034807.3224,0.6918,2024-08-22 17:10:35,15191604.2376,15250.7298999969,-175.0,0.0010049008,-7.9691e-06,0.1382,0.1385,0.1382,0.1384,15064.0
2024-08-22 09:15:00,CTSIUSDT,66c701bcb2e024bce99ec1c1,Binance,5m,21955414.0,3034238.2148,0.692,2024-08-22 17:15:40,15193146.487999998,1542.2503999993,-4118.0,0.0001015199,-0.0001875268,0.1381,0.1381,0.1381,0.1381,10316.0
2024-08-22 09:20:00,CTSIUSDT,66c702e6a7105af127a553d0,Binance,5m,21957244.0,3038882.5696,0.6911,2024-08-22 17:20:38,15174651.3284,-18495.1595999971,1830.0,-0.0012173357,8.33507e-05,0.1384,0.1384,0.1384,0.1384,364.0
2024-08-22 09:25:00,CTSIUSDT,66c7040eb27208232b1afe03,Binance,5m,21961084.0,3041610.134,0.6912,2024-08-22 17:25:34,15179501.2608,4849.9323999994,3840.0,0.0003196075,0.0001748853,0.1385,0.1385,0.1384,0.1384,204.0
2024-08-22 09:30:00,CTSIUSDT,66c705497b4bd2fa8d852b0c,Binance,5m,21964252.0,3040183.91736268,0.6917,2024-08-22 17:30:49,15192673.1084,13171.8476,3168.0,0.0008677392,0.0001442552,0.1384,0.1384,0.1384,0.1384,14108.0
2024-08-22 09:35:00,CTSIUSDT,66c70670171917eff01281ca,Binance,5m,22058672.0,3057331.9392,0.6886,2024-08-22 17:35:44,15189601.5392,-3071.5691999998,94420.0,-0.0002021744,0.0042988033,0.1387,0.1389,0.1386,0.1389,27658.0
2024-08-22 09:40:00,CTSIUSDT,66c707931b25bbeb8ee96bc5,Binance,5m,22051930.0,3060807.884,0.6888,2024-08-22 17:40:35,15189369.384,-232.1552000009,-6742.0,-1.52838e-05,-0.0003056394,0.1388,0.139,0.1388,0.1389,50097.0
2024-08-22 09:45:00,CTSIUSDT,66c708bfd31c07088365c303,Binance,5m,22031178.0,3060130.6242,0.6915,2024-08-22 17:45:35,15234559.587,45190.2029999997,-20752.0,0.0029751204,-0.0009410514,0.139,0.139,0.1388,0.139,37389.0
2024-08-22 09:50:00,CTSIUSDT,66c709e487b62e156393a777,Binance,5m,22044459.0,3065154.38653239,0.6917,2024-08-22 17:50:28,15248152.2903,13592.7033000011,13281.0,0.0008922282,0.0006028275,0.139,0.139,0.1388,0.1388,64475.0
2024-08-22 09:55:00,CTSIUSDT,66c70b1c304fdb274dc6f28b,Binance,5m,22046439.0,3065643.76499088,0.6944,2024-08-22 17:55:40,15309047.2416,60894.9513000008,1980.0,0.0039935954,8.98185e-05,0.1389,0.1389,0.1388,0.1389,17697.0
2024-08-22 10:00:00,CTSIUSDT,66c70c49133766151f473989,Binance,5m,22052457.0,3058675.7859,0.695,2024-08-22 18:00:41,15326457.614999998,17410.3733999971,6018.0,0.0011372604,0.0002729693,0.1388,0.1388,0.1386,0.1387,10255.0
2024-08-22 10:05:00,CTSIUSDT,66c70d7740d0629b516f1d94,Binance,5m,22060514.0,3064930.52369518,0.6931,2024-08-22 18:05:43,15290142.253400002,-36315.3615999967,8057.0,-0.0023694557,0.0003653561,0.139,0.1391,0.139,0.1391,16607.0
2024-08-22 10:10:00,CTSIUSDT,66c70ea32ce1ced7162f3d91,Binance,5m,22059372.0,3070664.5824,0.6927,2024-08-22 18:10:43,15280526.9844,-9615.2690000013,-1142.0,-0.0006288541,-5.17667e-05,0.1392,0.1392,0.1392,0.1392,68.0
2024-08-22 10:15:00,CTSIUSDT,66c70fc5dd1ff9bf5f6cfefc,Binance,5m,22054265.0,3074326.82820685,0.6934,2024-08-22 18:15:33,15292427.351,11900.3665999994,-5107.0,0.0007787929,-0.0002315116,0.1394,0.1395,0.1394,0.1395,16659.0
2024-08-22 10:20:00,CTSIUSDT,66c710efe5e594aaa0ecae8c,Binance,5m,22045657.0,3078554.7489365,0.6932,2024-08-22 18:20:31,15282049.4324,-10377.9185999986,-8608.0,-0.0006786312,-0.00039031,0.1397,0.1397,0.1396,0.1397,4131.0
2024-08-22 10:25:00,CTSIUSDT,66c71222658626d9b92d2640,Binance,5m,22136159.0,3101275.8759,0.6902,2024-08-22 18:25:38,15278376.9418,-3672.4906000011,90502.0,-0.000240314,0.0041052077,0.1401,0.1401,0.14,0.1401,11393.0
2024-08-22 10:30:00,CTSIUSDT,66c713534fdfcca46488dc6e,Binance,5m,22103001.0,3095050.29655851,0.6905,2024-08-22 18:30:43,15262122.1905,-16254.7512999997,-33158.0,-0.0010639056,-0.0014979112,0.14,0.1401,0.1398,0.1398,65721.0
2024-08-22 10:35:00,CTSIUSDT,66c7147c7f35ef825f987677,Binance,5m,22095435.0,3088941.813,0.6897,2024-08-22 18:35:40,15239221.5195,-22900.6710000001,-7566.0,-0.0015004906,-0.0003423065,0.1399,0.1399,0.1398,0.1398,6519.0
2024-08-22 10:40:00,CTSIUSDT,66c715a80b9ffa24c2c505d0,Binance,5m,22120179.0,3081340.9347,0.6923,2024-08-22 18:40:40,15313799.9217,74578.4022000004,24744.0,0.0048938459,0.0011198693,0.1393,0.1395,0.1392,0.1395,14391.0
2024-08-22 10:45:00,CTSIUSDT,66c716d622d27fba71f36b45,Binance,5m,22054732.0,3075034.82264608,0.6927,2024-08-22 18:45:42,15277312.8564,-36487.0653000008,-65447.0,-0.0023826265,-0.0029587012,0.1393,0.1393,0.1393,0.1393,23764.0
2024-08-22 10:50:00,CTSIUSDT,66c717fbc9d901f7391e3822,Binance,5m,22077348.0,3089768.78652252,0.6913,2024-08-22 18:50:35,15262070.6724,-15242.1839999985,22616.0,-0.0009977006,0.0010254489,0.14,0.14,0.14,0.14,3284.0
2024-08-22 10:55:00,CTSIUSDT,66c7192e555f9ea8df274f99,Binance,5m,22115144.0,3098331.6744,0.69,2024-08-22 18:55:42,15259449.36,-2621.312400002,37796.0,-0.0001717534,0.001711981,0.1401,0.1401,0.14,0.14,4646.0
2024-08-22 11:00:00,CTSIUSDT,66c71a4c2a70f1cd6899d677,Binance,5m,22100377.0,3094790.04857672,0.6908,2024-08-22 19:00:28,15266940.4316,7491.0715999994,-14767.0,0.0004909136,-0.0006677325,0.14,0.1401,0.1399,0.1399,40950.0
2024-08-22 11:05:00,CTSIUSDT,66c71b85f66f28b06d835ca2,Binance,5m,22127503.0,3087813.60591423,0.6925,2024-08-22 19:05:41,15323295.8275,56355.3959000017,27126.0,0.0036913353,0.0012273999,0.1394,0.1394,0.1392,0.1393,7345.0
2024-08-22 11:10:00,CTSIUSDT,66c71ca60847502319beb68d,Binance,5m,22133681.0,3086054.874468,0.6921,2024-08-22 19:10:30,15318720.6201,-4575.2073999997,6178.0,-0.0002985785,0.0002792001,0.1394,0.1395,0.1394,0.1395,81.0
2024-08-22 11:15:00,CTSIUSDT,66c71dd3f58f8942d2c814ff,Binance,5m,22149075.0,3087581.055,0.6918,2024-08-22 19:15:31,15322730.085,4009.4648999982,15394.0,0.0002617363,0.0006955011,0.1393,0.1393,0.1392,0.1392,10200.0
2024-08-22 11:20:00,CTSIUSDT,66c71efe583bda69141d2f71,Binance,5m,22152539.0,3082943.82026093,0.6914,2024-08-22 19:20:30,15316265.4646,-6464.6203999985,3464.0,-0.0004218974,0.0001563948,0.1391,0.1392,0.139,0.1392,42327.0
2024-08-22 11:25:00,CTSIUSDT,66c7203e2f19b8c61daca26b,Binance,5m,22141610.0,3084326.273,0.6905,2024-08-22 19:25:50,15288781.705,-27483.7596000005,-10929.0,-0.0017944165,-0.000493352,0.1393,0.1394,0.1393,0.1394,2479.0
2024-08-22 11:30:00,CTSIUSDT,66c7215f4d7b32d6cce62add,Binance,5m,22135059.0,3090054.2364,0.6915,2024-08-22 19:30:39,15306393.2985,17611.5934999995,-6551.0,0.0011519292,-0.0002958683,0.1396,0.1396,0.1396,0.1396,1844.0
2024-08-22 11:35:00,CTSIUSDT,66c722884b697ecd904932e3,Binance,5m,22142035.0,3088813.8825,0.6911,2024-08-22 19:35:36,15302360.3885,-4032.9099999983,6976.0,-0.0002634788,0.0003151562,0.1395,0.1397,0.1395,0.1397,5752.0
2024-08-22 11:40:00,CTSIUSDT,66c723bc23122134e616776d,Binance,5m,22150159.0,3094377.2123,0.6904,2024-08-22 19:40:44,15292469.7736,-9890.6149000004,8124.0,-0.0006463457,0.0003669039,0.1396,0.1396,0.1395,0.1395,14018.0
2024-08-22 11:45:00,CTSIUSDT,66c724ddffd956427237ced6,Binance,5m,22126246.0,3084398.6924,0.6908,2024-08-22 19:45:33,15284810.7368,-7659.0368000008,-23913.0,-0.0005008371,-0.0010795859,0.1393,0.1394,0.1393,0.1393,1017.0
2024-08-22 11:50:00,CTSIUSDT,66c7260f1105d9515bb5f3f9,Binance,5m,22125253.0,3091776.65914916,0.6913,2024-08-22 19:50:39,15295187.3989,10376.6621000003,-993.0,0.0006788872,-4.48788e-05,0.1399,0.1399,0.1397,0.1398,14098.0
2024-08-22 11:55:00,CTSIUSDT,66c7272f9824662532512c5e,Binance,5m,22115138.0,3093907.8062,0.6917,2024-08-22 19:55:27,15297040.9546,1853.5556999985,-10115.0,0.0001211856,-0.0004571699,0.1399,0.1399,0.1398,0.1398,1366.0
2024-08-22 12:00:00,CTSIUSDT,66c728607374919037d56aad,Binance,5m,22115213.0,3091706.7774,0.6913,2024-08-22 20:00:32,15288246.7469,-8794.2076999992,75.0,-0.000574896,3.3913e-06,0.1397,0.1397,0.1396,0.1397,38482.0
2024-08-22 12:05:00,CTSIUSDT,66c7298c974ca2b2366864c5,Binance,5m,22113870.0,3091639.1043141,0.69,2024-08-22 20:05:32,15258570.3,-29676.4469000008,-1343.0,-0.0019411282,-6.07274e-05,0.1397,0.1397,0.1396,0.1397,28933.0
2024-08-22 12:10:00,CTSIUSDT,66c72ab5cc6fddf356fdb558,Binance,5m,22120130.0,3089892.6084983,0.6895,2024-08-22 20:10:29,15251829.635,-6740.6649999991,6260.0,-0.0004417626,0.0002830803,0.1395,0.1395,0.1392,0.1393,269322.0
2024-08-22 12:15:00,CTSIUSDT,66c72becbccfb15c5f80c212,Binance,5m,22137580.0,3081551.136,0.6885,2024-08-22 20:15:40,15241723.83,-10105.8049999997,17450.0,-0.0006625962,0.0007888742,0.1392,0.1392,0.139,0.1391,49624.0
2024-08-22 12:20:00,CTSIUSDT,66c72d10cf37d05875a052c6,Binance,5m,22133231.0,3078732.4321,0.6896,2024-08-22 20:20:32,15263076.0976,21352.2675999999,-4349.0,0.001400909,-0.0001964533,0.1391,0.1391,0.1391,0.1391,9614.0
2024-08-22 12:25:00,CTSIUSDT,66c72e3e62750f621709d204,Binance,5m,22091282.0,3075106.4544,0.6888,2024-08-22 20:25:34,15216475.0416,-46601.0559999999,-41949.0,-0.003053189,-0.0018952949,0.1392,0.1393,0.1392,0.1393,416.0
2024-08-22 12:30:00,CTSIUSDT,66c72f6863434ad9c4ccc018,Binance,5m,22092124.0,3075223.6608,0.6892,2024-08-22 20:30:32,15225891.8608,9416.8191999998,842.0,0.0006188568,3.81146e-05,0.1391,0.1394,0.1391,0.1393,22933.0
2024-08-22 12:35:00,CTSIUSDT,66c7309000891243df3dd8ea,Binance,5m,22015496.0,3053549.2952,0.6902,2024-08-22 20:35:28,15195095.3392,-30796.5215999987,-76628.0,-0.0020226416,-0.0034685664,0.1386,0.1386,0.1383,0.1386,58677.0
2024-08-22 12:40:00,CTSIUSDT,66c731c69455f270cae8cc12,Binance,5m,21998702.0,3051115.69355252,0.6939,2024-08-22 20:40:38,15264899.317799998,69803.9785999972,-16794.0,0.0045938493,-0.0007628263,0.1387,0.1389,0.1387,0.1389,2661.0
2024-08-22 12:45:00,CTSIUSDT,66c732eacf8a3d28c48ace82,Binance,5m,21990361.0,3052379.31542413,0.6935,2024-08-22 20:45:30,15250315.3535,-14583.9642999992,-8341.0,-0.0009553921,-0.0003791587,0.1389,0.1389,0.1386,0.1387,10146.0
2024-08-22 12:50:00,CTSIUSDT,66c7341dbfc9c74dff72aee4,Binance,5m,21987599.0,3047481.2214,0.6934,2024-08-22 20:50:37,15246201.1466,-4114.2068999987,-2762.0,-0.0002697785,-0.0001256005,0.1387,0.1387,0.1386,0.1386,3901.0
2024-08-22 12:55:00,CTSIUSDT,66c73547a674c0ff9f43c6aa,Binance,5m,21939112.0,3051730.4792,0.6915,2024-08-22 20:55:35,15170895.948,-75305.1985999998,-48487.0,-0.0049392762,-0.0022051976,0.1392,0.1392,0.1391,0.1392,3322.0
