datetime,symbol,_id,timestamp,exchange,inserted_datetime,interval,longAccount,long_OI,long_OI_change,long_OI_pct_change,sumOpenInterest,sumOpenInterestValue,sum_OI_change,sum_OI_pct_change,open,high,low,close,volume,price_change,price_pct_change
2024-08-07 18:15:00,HOOKUSDT,66b508b174a4db6d2d45815c,1723054500000,Binance,2024-08-09 02:03:58,15m,0.6915,5513883.3915,,,7973801.0,2740806.23099844,,,0.3438,0.3445,0.3437,0.3444,3818.4,0.0005999999999999,0.0017452006980802
2024-08-07 18:30:00,HOOKUSDT,66b508b174a4db6d2d45815e,1723055400000,Binance,2024-08-09 02:03:58,15m,0.6915,5517035.8708500005,3152.4793500006,0.0005717349,7978359.9,2726205.57783,4558.9000000004,0.0005717349,0.3416,0.3422,0.3414,0.3415,10534.5,-9.9999999999989e-05,-0.0002927400468383
2024-08-07 18:45:00,HOOKUSDT,66b508b174a4db6d2d458160,1723056300000,Binance,2024-08-09 02:03:58,15m,0.6979,5536124.272139999,19088.4012899986,0.0034599016,7932546.6,2692869.2888722,-45813.3000000007,-0.0057421952,0.3392,0.3398,0.339,0.3393,6496.2,9.9999999999989e-05,0.0002948113207546
2024-08-07 19:00:00,HOOKUSDT,66b4ccab74a4db6d2d3efe8c,1723057200000,Binance,2024-08-09 02:03:58,15m,0.6982,5548341.045740001,12216.7736000018,0.0022067376,7946635.7,2690404.71809087,14089.1000000006,0.0017761131,0.3385,0.3389,0.3377,0.3383,17642.1,-0.0002,-0.0005908419497785
2024-08-07 19:15:00,HOOKUSDT,66b508b174a4db6d2d458163,1723058100000,Binance,2024-08-09 02:03:58,15m,0.699,5550469.334399999,2128.2886599982,0.0003835901,7940585.6,2685506.04992,-6050.1000000006,-0.0007613411,0.3383,0.3384,0.338,0.3382,9099.1,-9.9999999999989e-05,-0.0002955956251847
2024-08-07 19:30:00,HOOKUSDT,66b508b174a4db6d2d458165,1723059000000,Binance,2024-08-09 02:03:58,15m,0.6997,5553804.23766,3334.903260001,0.0006008327,7937407.8,2674676.79939235,-3177.7999999998,-0.0004001972,0.3367,0.3367,0.3362,0.3366,3937.4,-9.9999999999989e-05,-0.0002970002970002
2024-08-07 19:45:00,HOOKUSDT,66b508b174a4db6d2d458167,1723059900000,Binance,2024-08-09 02:03:58,15m,0.691,5530819.971,-22984.2666600002,-0.0041384726,8004081.0,2703778.5618,66673.2000000002,0.0083998708,0.3377,0.338,0.3377,0.3379,5189.5,0.0001999999999999,0.0005922416345868
2024-08-07 20:00:00,HOOKUSDT,66b4ccab74a4db6d2d3efe8e,1723060800000,Binance,2024-08-09 02:03:58,15m,0.6916,5526520.68696,-4299.2840400003,-0.0007773321,7990920.6,2706524.80722,-13160.4000000004,-0.0016442112,0.3384,0.3391,0.3379,0.3386,53689.6,0.0002,0.0005910165484634
2024-08-07 20:15:00,HOOKUSDT,66b508b174a4db6d2d45816e,1723061700000,Binance,2024-08-09 02:03:58,15m,0.698,5547091.923799999,20571.2368399994,0.0037222763,7947123.1,2682808.88919344,-43797.5,-0.0054809079,0.3378,0.3379,0.3367,0.337,17408.4,-0.0007999999999999,-0.0023682652457074
2024-08-07 20:30:00,HOOKUSDT,66b508b174a4db6d2d45817d,1723062600000,Binance,2024-08-09 02:03:58,15m,0.6976,5528142.50112,-18949.4226799989,-0.0034161004,7924516.2,2702260.0242,-22606.8999999994,-0.0028446646,0.341,0.341,0.3396,0.3397,39942.9,-0.0013,-0.0038123167155425
2024-08-07 20:45:00,HOOKUSDT,66b508b174a4db6d2d45817f,1723063500000,Binance,2024-08-09 02:03:58,15m,0.6907,5503381.5624,-24760.93872,-0.0044790703,7967832.0,2695823.76938376,43315.7999999998,0.0054660498,0.3383,0.3385,0.338,0.3382,19301.0,-9.9999999999989e-05,-0.0002955956251847
2024-08-07 21:00:00,HOOKUSDT,66b4ccab74a4db6d2d3efe90,1723064400000,Binance,2024-08-09 02:03:58,15m,0.6929,5476608.8455,-26772.7169000003,-0.0048647757,7903895.0,2679079.19385285,-63937.0,-0.0080243911,0.3394,0.3397,0.3379,0.3379,69374.2,-0.0015,-0.0044195639363582
2024-08-07 21:15:00,HOOKUSDT,66b508b274a4db6d2d458182,1723065300000,Binance,2024-08-09 02:03:58,15m,0.6957,5533182.88452,56574.03902,0.0103301223,7953403.6,2688405.5081702,49508.5999999996,0.0062638231,0.3379,0.3379,0.3369,0.3376,8606.7,-0.0002999999999999,-0.0008878366380584
2024-08-07 21:30:00,HOOKUSDT,66b508b274a4db6d2d45818f,1723066200000,Binance,2024-08-09 02:03:58,15m,0.6921,5517708.352290001,-15474.5322299991,-0.0027966783,7972414.9,2690778.52255539,19011.3000000007,0.0023903351,0.3375,0.338,0.3375,0.338,9294.0,0.0005,0.0014814814814814
2024-08-07 21:45:00,HOOKUSDT,66b508b274a4db6d2d458191,1723067100000,Binance,2024-08-09 02:03:58,15m,0.6923,5520615.64376,2907.2914699996,0.000526902,7974311.2,2708797.83842671,1896.2999999998,0.0002378577,0.3398,0.34,0.3398,0.3398,560.7,0.0,0.0
2024-08-07 22:00:00,HOOKUSDT,66b4ccab74a4db6d2d3efe92,1723068000000,Binance,2024-08-09 02:03:58,15m,0.6935,5530184.1237,9568.47994,0.001733227,7974310.2,2710322.82479126,-1.0,-1.254e-07,0.3394,0.3398,0.3386,0.339,41015.9,-0.0003999999999999,-0.0011785503830287
2024-08-07 22:15:00,HOOKUSDT,66b508b274a4db6d2d458195,1723068900000,Binance,2024-08-09 02:03:58,15m,0.7081,5594464.63943,64280.5157299992,0.011623576,7900670.3,2644179.58658296,-73639.9000000004,-0.009234642,0.3347,0.335,0.3346,0.3348,22548.3,9.9999999999989e-05,0.000298775022408
2024-08-07 22:30:00,HOOKUSDT,66b508b274a4db6d2d458197,1723069800000,Binance,2024-08-09 02:03:58,15m,0.7044,5575066.85124,-19397.7881899998,-0.003467318,7914632.1,2639529.80535,13961.7999999998,0.0017671665,0.3331,0.3336,0.333,0.3336,14891.1,0.0005,0.0015010507355148
2024-08-07 22:45:00,HOOKUSDT,66b508b274a4db6d2d45819d,1723070700000,Binance,2024-08-09 02:03:58,15m,0.7044,5578629.56556,3562.7143200003,0.0006390442,7919689.9,2663961.29746761,5057.8000000007,0.0006390442,0.3363,0.3373,0.3362,0.3371,79242.4,0.0008,0.0023788284269997
2024-08-07 23:00:00,HOOKUSDT,66b4ccac74a4db6d2d3efe94,1723071600000,Binance,2024-08-09 02:03:58,15m,0.7027,5593234.74153,14605.1759700002,0.002618058,7959633.9,2696708.52363023,39944.0,0.0050436318,0.3392,0.3394,0.3382,0.3383,34931.9,-0.0009,-0.0026533018867924
2024-08-07 23:15:00,HOOKUSDT,66b508b274a4db6d2d4581a0,1723072500000,Binance,2024-08-09 02:03:58,15m,0.7058,5641093.23096,47858.4894300001,0.0085564958,7992481.2,2709002.42890543,32847.2999999998,0.004126735,0.3387,0.3389,0.3384,0.3386,35033.7,-9.9999999999989e-05,-0.0002952465308532
2024-08-07 23:30:00,HOOKUSDT,66b508b274a4db6d2d4581a4,1723073400000,Binance,2024-08-09 02:03:58,15m,0.7013,5618311.15491,-22782.0760500003,-0.0040385924,8011280.7,2700602.72397,18799.5,0.0023521482,0.3373,0.3373,0.3371,0.3371,4034.8,-0.0001999999999999,-0.000592943966795
2024-08-07 23:45:00,HOOKUSDT,66b508b274a4db6d2d4581ab,1723074300000,Binance,2024-08-09 02:03:58,15m,0.7016,5625209.47984,6898.3249300001,0.0012278289,8017687.4,2694711.14102979,6406.7000000002,0.0007997098,0.336,0.3366,0.3358,0.3366,9527.1,0.0005999999999999,0.0017857142857142
2024-08-08 00:00:00,HOOKUSDT,66b4b90774a4db6d2d3ccdbb,1723075200000,Binance,2024-08-09 02:03:58,15m,0.7011,5620552.539299999,-4656.9405400008,-0.0008278697,8016763.0,2691157.35275901,-924.4000000004,-0.0001152951,0.3365,0.3365,0.3349,0.3351,28476.3,-0.0014,-0.0041604754829123
2024-08-08 00:15:00,HOOKUSDT,66b508b274a4db6d2d4581af,1723076100000,Binance,2024-08-09 02:03:58,15m,0.695,5602115.609999999,-18436.9293,-0.0032802699,8060598.0,2688551.04114324,43835.0,0.0054679177,0.3337,0.3354,0.3336,0.3353,21013.0,0.0015999999999999,0.0047947258016181
2024-08-08 00:30:00,HOOKUSDT,66b508b374a4db6d2d4581b1,1723077000000,Binance,2024-08-09 02:03:58,15m,0.6945,5584699.7958,-17415.814199999,-0.0031087924,8041324.4,2668915.56836,-19273.5999999996,-0.0023910881,0.3317,0.3332,0.3315,0.3332,23744.3,0.0015,0.0045221585770274
2024-08-08 00:45:00,HOOKUSDT,66b508b374a4db6d2d4581b3,1723077900000,Binance,2024-08-09 02:03:58,15m,0.7039,5650810.30205,66110.5062499996,0.0118377905,8027859.5,2657700.19576199,-13464.9000000004,-0.001674463,0.331,0.3312,0.3306,0.3312,8973.6,0.0001999999999999,0.0006042296072506
2024-08-08 01:00:00,HOOKUSDT,66b4ccac74a4db6d2d3efe9f,1723078800000,Binance,2024-08-09 02:03:58,15m,0.7026,5652268.329840001,1458.0277900007,0.000258021,8044788.4,2692563.80788674,16928.9000000004,0.0021087688,0.3347,0.3351,0.3342,0.3342,59970.8,-0.0005,-0.0014938751120406
2024-08-08 01:15:00,HOOKUSDT,66b508b374a4db6d2d4581be,1723079700000,Binance,2024-08-09 02:03:58,15m,0.695,5583365.622,-68902.7078400012,-0.0121902754,8033619.6,2750460.05941891,-11168.8000000007,-0.0013883274,0.3421,0.3422,0.3406,0.342,31299.6,-9.9999999999989e-05,-0.0002923121894182
2024-08-08 01:30:00,HOOKUSDT,66b508b374a4db6d2d4581c0,1723080600000,Binance,2024-08-09 02:03:58,15m,0.6911,5573038.5549800005,-10327.067019999,-0.0018496132,8064011.8,2740151.20964,30392.2000000002,0.0037831266,0.3397,0.3408,0.3397,0.3405,13799.9,0.0008,0.0023550191345305
2024-08-08 01:45:00,HOOKUSDT,66b508b374a4db6d2d4581c2,1723081500000,Binance,2024-08-09 02:03:58,15m,0.6879,5582340.76251,9302.2075299993,0.0016691447,8115046.9,2843162.83753955,51035.1000000006,0.0063287482,0.3498,0.3519,0.349,0.3508,150462.9,0.001,0.0028587764436821
2024-08-08 02:00:00,HOOKUSDT,66b4ccac74a4db6d2d3efea1,1723082400000,Binance,2024-08-09 02:03:58,15m,0.6917,5608106.39633,25765.6338200001,0.0046155609,8107714.9,2849861.78735,-7332.0,-0.0009035068,0.3514,0.3524,0.351,0.3518,40089.2,0.0004,0.0011383039271485
2024-08-08 02:15:00,HOOKUSDT,66b508b374a4db6d2d4581c7,1723083300000,Binance,2024-08-09 02:03:58,15m,0.695,5631304.5675,23198.17117,0.0041365426,8102596.5,2869606.58255789,-5118.4000000004,-0.0006312999,0.3544,0.355,0.3536,0.355,15864.5,0.0005999999999999,0.0016930022573363
2024-08-08 02:30:00,HOOKUSDT,66b508b374a4db6d2d4581ca,1723084200000,Binance,2024-08-09 02:03:58,15m,0.6966,5636713.3983,5408.8307999996,0.0009604934,8091750.5,2879516.09144912,-10846.0,-0.0013385833,0.3556,0.3557,0.3538,0.3538,21877.3,-0.0018,-0.0050618672665917
2024-08-08 02:45:00,HOOKUSDT,66b508b374a4db6d2d4581cd,1723085100000,Binance,2024-08-09 02:03:58,15m,0.6952,5610985.06144,-25728.3368599992,-0.0045644217,8071037.2,2870060.82832,-20713.2999999998,-0.0025598046,0.3555,0.3556,0.3547,0.3547,7647.4,-0.0007999999999999,-0.0022503516174401
2024-08-08 03:00:00,HOOKUSDT,66b4ccac74a4db6d2d3efea3,1723086000000,Binance,2024-08-09 02:03:58,15m,0.6936,5595162.02736,-15823.0340800006,-0.00282001,8066842.6,2858889.01744,-4194.6000000006,-0.0005197102,0.3545,0.3551,0.3545,0.3548,32017.9,0.0003,0.0008462623413258
2024-08-08 03:15:00,HOOKUSDT,66b508b374a4db6d2d4581d1,1723086900000,Binance,2024-08-09 02:03:58,15m,0.6904,5556333.81488,-38828.2124799993,-0.0069396047,8047992.2,2864280.42398,-18850.3999999994,-0.0023367755,0.3558,0.3558,0.355,0.3553,13050.6,-0.0005,-0.0014052838673412
2024-08-08 03:30:00,HOOKUSDT,66b508b374a4db6d2d4581d3,1723087800000,Binance,2024-08-09 02:03:58,15m,0.6919,5571085.32431,14751.5094299996,0.0026548998,8051864.9,2871961.71775372,3872.7000000002,0.0004812008,0.3562,0.3564,0.3557,0.3557,5564.4,-0.0005,-0.0014037057832678
2024-08-08 03:45:00,HOOKUSDT,66b508b374a4db6d2d4581d5,1723088700000,Binance,2024-08-09 02:03:58,15m,0.6925,5581975.54125,10890.2169399997,0.0019547748,8060614.5,2859906.0246,8749.5999999996,0.0010866551,0.3548,0.3549,0.3548,0.3548,865.8,0.0,0.0
2024-08-08 04:00:00,HOOKUSDT,66b4ccac74a4db6d2d3efea5,1723089600000,Binance,2024-08-09 02:03:58,15m,0.7077,5681765.06226,99789.5210100003,0.0178770975,8028493.8,2816439.7817559,-32120.7000000002,-0.0039848947,0.3505,0.351,0.3501,0.3505,104128.2,0.0,0.0
2024-08-08 04:15:00,HOOKUSDT,66b508b474a4db6d2d4581d8,1723090500000,Binance,2024-08-09 02:03:58,15m,0.7045,5658286.153,-23478.9092600001,-0.0041323267,8031634.0,2824721.98324836,3140.2000000002,0.0003911319,0.3513,0.3525,0.3513,0.3524,10623.2,0.0010999999999999,0.0031312268716196
2024-08-08 04:30:00,HOOKUSDT,66b508b474a4db6d2d4581e3,1723091400000,Binance,2024-08-09 02:03:58,15m,0.7032,5646837.624480001,-11448.5285199992,-0.0020233209,8030201.4,2816994.65112,-1432.5999999996,-0.0001783697,0.3509,0.3515,0.3509,0.3512,6439.5,0.0003,0.0008549444286122
2024-08-08 04:45:00,HOOKUSDT,66b508b474a4db6d2d4581e5,1723092300000,Binance,2024-08-09 02:03:58,15m,0.7021,5642389.36849,-4448.2559900004,-0.0007877429,8036446.9,2805377.59054983,6245.5,0.0007777514,0.3489,0.35,0.3489,0.3498,8738.0,0.0009,0.0025795356835769
2024-08-08 05:00:00,HOOKUSDT,66b4ccac74a4db6d2d3efea7,1723093200000,Binance,2024-08-09 02:03:58,15m,0.7007,5630085.19073,-12304.1777600003,-0.002180668,8034943.9,2800430.80883453,-1503.0,-0.0001870229,0.3486,0.3493,0.3485,0.3491,30358.0,0.0005,0.0014343086632243
2024-08-08 05:15:00,HOOKUSDT,66b508b474a4db6d2d4581e8,1723094100000,Binance,2024-08-09 02:03:58,15m,0.7023,5628846.22089,-1238.9698399995,-0.0002200624,8014874.3,2809213.44215,-20069.6000000006,-0.0024977897,0.3504,0.3519,0.3503,0.3519,21136.2,0.0015,0.0042808219178082
2024-08-08 05:30:00,HOOKUSDT,66b508b474a4db6d2d4581eb,1723095000000,Binance,2024-08-09 02:03:58,15m,0.7004,5592304.01728,-36542.2036100002,-0.0064919527,7984443.2,2827478.09324645,-30431.0999999996,-0.0037968281,0.3541,0.356,0.3541,0.3557,127711.5,0.0015999999999999,0.0045184975995481
2024-08-08 05:45:00,HOOKUSDT,66b508b474a4db6d2d4581ed,1723095900000,Binance,2024-08-09 02:03:58,15m,0.6922,5519731.5492,-72572.46808,-0.0129772036,7974186.0,2838012.7974,-10257.2000000002,-0.0012846481,0.356,0.3563,0.3558,0.3558,5069.6,-0.0001999999999999,-0.0005617977528089
2024-08-08 06:00:00,HOOKUSDT,66b4ccac74a4db6d2d3efea9,1723096800000,Binance,2024-08-09 02:03:58,15m,0.696,5538656.3616,18924.8123999992,0.0034285748,7957839.6,2821968.89186202,-16346.4000000004,-0.0020499146,0.3545,0.355,0.3543,0.3548,15682.9,0.0003,0.0008462623413258
2024-08-08 06:15:00,HOOKUSDT,66b508b474a4db6d2d4581f0,1723097700000,Binance,2024-08-09 02:03:58,15m,0.7003,5574406.76804,35750.406440001,0.0064547074,7960026.8,2821273.49272802,2187.2000000002,0.0002748485,0.3543,0.3544,0.3538,0.3538,12965.1,-0.0005,-0.0014112334180073
2024-08-08 06:30:00,HOOKUSDT,66b508b474a4db6d2d4581f2,1723098600000,Binance,2024-08-09 02:03:58,15m,0.6982,5550763.17136,-23643.5966800004,-0.0042414552,7950104.8,2811605.12518653,-9922.0,-0.0012464782,0.3535,0.354,0.3535,0.354,4002.8,0.0005,0.0014144271570014
2024-08-08 06:45:00,HOOKUSDT,66b508b474a4db6d2d4581f4,1723099500000,Binance,2024-08-09 02:03:58,15m,0.6974,5546459.09246,-4304.0789000001,-0.0007754031,7953052.9,2825711.42419498,2948.1000000006,0.0003708253,0.3552,0.3554,0.3546,0.3546,9640.5,-0.0005999999999999,-0.0016891891891891
2024-08-08 07:00:00,HOOKUSDT,66b4ccac74a4db6d2d3efeab,1723100400000,Binance,2024-08-09 02:03:58,15m,0.697,5538957.028899999,-7502.0635600006,-0.0013525861,7946853.7,2815570.26591,-6199.2000000002,-0.0007794743,0.3544,0.3547,0.3542,0.3544,13999.4,0.0,0.0
2024-08-08 07:15:00,HOOKUSDT,66b508b474a4db6d2d4581f7,1723101300000,Binance,2024-08-09 02:03:58,15m,0.7036,5585247.30072,46290.2718200004,0.0083572181,7938100.2,2805324.61068,-8753.5,-0.0011015051,0.3533,0.3536,0.3532,0.3536,6937.0,0.0003,0.0008491367110105
2024-08-08 07:30:00,HOOKUSDT,66b508b574a4db6d2d4581f9,1723102200000,Binance,2024-08-09 02:03:58,15m,0.7035,5590403.76405,5156.4633300006,0.0009232292,7946558.3,2795599.20994,8458.0999999996,0.0010655068,0.352,0.352,0.3514,0.3514,11678.0,-0.0005999999999999,-0.0017045454545454
2024-08-08 07:45:00,HOOKUSDT,66b508b574a4db6d2d4581fb,1723103100000,Binance,2024-08-09 02:03:58,15m,0.7022,5581981.53698,-8422.22707,-0.0015065508,7949275.9,2790990.76849,2717.6000000006,0.0003419845,0.351,0.3511,0.3507,0.3511,3304.9,0.0001,0.0002849002849004
2024-08-08 08:00:00,HOOKUSDT,66b4ccac74a4db6d2d3efead,1723104000000,Binance,2024-08-09 02:03:58,15m,0.7032,5580258.57816,-1722.9588200003,-0.0003086644,7935521.3,2780606.66352,-13754.6000000006,-0.001730296,0.3505,0.3508,0.3501,0.3507,23021.3,0.0002,0.0005706134094152
2024-08-08 08:15:00,HOOKUSDT,66b508b574a4db6d2d458206,1723104900000,Binance,2024-08-09 02:03:58,15m,0.704,5577496.179199999,-2762.3989600008,-0.0004950306,7922579.8,2773435.80271735,-12941.5,-0.0016308317,0.3504,0.3509,0.3502,0.3502,9539.9,-0.0001999999999999,-0.0005707762557076
2024-08-08 08:30:00,HOOKUSDT,66b508b574a4db6d2d458208,1723105800000,Binance,2024-08-09 02:03:58,15m,0.7009,5569404.6684,-8091.5107999993,-0.0014507425,7946076.0,2793510.9567498,23496.2000000002,0.0029657259,0.3515,0.3519,0.3514,0.3519,4201.8,0.0004,0.0011379800853485
2024-08-08 08:45:00,HOOKUSDT,66b508b574a4db6d2d45820a,1723106700000,Binance,2024-08-09 02:03:58,15m,0.6987,5551380.2016900005,-18024.4667099994,-0.0032363363,7945298.7,2804659.05717014,-777.2999999998,-9.78219e-05,0.3529,0.353,0.3525,0.3525,4633.6,-0.0004,-0.0011334655709833
2024-08-08 09:00:00,HOOKUSDT,66b4ccac74a4db6d2d3efeaf,1723107600000,Binance,2024-08-09 02:03:58,15m,0.6982,5550687.06756,-693.1341300001,-0.000124858,7949995.8,2799643.57044224,4697.0999999996,0.0005911798,0.3525,0.3526,0.3522,0.3523,8422.3,-0.0001999999999999,-0.0005673758865247
2024-08-08 09:15:00,HOOKUSDT,66b508b574a4db6d2d45820d,1723108500000,Binance,2024-08-09 02:03:58,15m,0.7047,5657696.00037,107008.9328099992,0.0192785022,8028517.1,2807572.42987,78521.2999999998,0.0098768983,0.3496,0.3498,0.3496,0.3497,14309.0,9.9999999999989e-05,0.0002860411899313
2024-08-08 09:30:00,HOOKUSDT,66b508b574a4db6d2d45820f,1723109400000,Binance,2024-08-09 02:03:58,15m,0.7055,5694663.0838,36967.0834300006,0.0065339466,8071811.6,2828189.64428118,43294.5,0.0053925899,0.3503,0.3505,0.3502,0.3502,4886.3,-9.9999999999989e-05,-0.0002854695974878
2024-08-08 09:45:00,HOOKUSDT,66b508b574a4db6d2d458211,1723110300000,Binance,2024-08-09 02:03:58,15m,0.7045,5698872.1162,4209.0323999999,0.0007391188,8089243.6,2828808.48692,17432.0,0.0021596143,0.3498,0.3503,0.3498,0.3503,4520.3,0.0005,0.001429388221841
2024-08-08 10:00:00,HOOKUSDT,66b4ccac74a4db6d2d3efeb1,1723111200000,Binance,2024-08-09 02:03:58,15m,0.7046,5690117.57522,-8754.54098,-0.0015361884,8075670.7,2825677.17793,-13572.8999999994,-0.0016778948,0.3499,0.3499,0.3493,0.3494,33927.5,-0.0005,-0.0014289797084881
2024-08-08 10:15:00,HOOKUSDT,66b508b574a4db6d2d458214,1723112100000,Binance,2024-08-09 02:03:58,15m,0.7097,5709001.03135,18883.4561299998,0.0033186408,8044245.5,2811463.80225,-31425.2000000002,-0.0038913424,0.3497,0.3498,0.349,0.349,1943.1,-0.0007,-0.0020017157563626
2024-08-08 10:30:00,HOOKUSDT,66b508b574a4db6d2d458217,1723113000000,Binance,2024-08-09 02:03:58,15m,0.7099,5713119.66091,4118.6295600003,0.0007214274,8047780.9,2817173.02499669,3535.4000000004,0.0004394943,0.3499,0.3505,0.3494,0.3494,24305.9,-0.0005,-0.0014289797084881
2024-08-08 10:45:00,HOOKUSDT,66b508b574a4db6d2d458219,1723113900000,Binance,2024-08-09 02:03:58,15m,0.7147,5771223.79806,58104.1371499998,0.0101702993,8075029.8,2825310.24124343,27248.8999999994,0.0033858899,0.3498,0.35,0.3495,0.3499,9938.0,9.9999999999989e-05,0.0002858776443681
2024-08-08 11:00:00,HOOKUSDT,66b4ccac74a4db6d2d3efeb3,1723114800000,Binance,2024-08-09 02:03:58,15m,0.7116,5755204.75824,-16019.0398199996,-0.0027756747,8087696.4,2827601.0857736,12666.6000000006,0.0015686134,0.3496,0.3498,0.3492,0.3496,15171.9,0.0,0.0
2024-08-08 11:15:00,HOOKUSDT,66b508b674a4db6d2d45821d,1723115700000,Binance,2024-08-09 02:03:58,15m,0.7125,5764034.5125,8829.7542599998,0.0015342207,8089873.0,2833073.5246,2176.5999999996,0.0002691248,0.3501,0.3501,0.3494,0.3498,5364.6,-0.0003,-0.0008568980291345
2024-08-08 11:30:00,HOOKUSDT,66b508b674a4db6d2d45821f,1723116600000,Binance,2024-08-09 02:03:58,15m,0.713,5781189.1661,17154.6535999998,0.0029761539,8108259.7,2826882.95946609,18386.7000000002,0.0022728045,0.3484,0.3486,0.348,0.3482,9277.3,-0.0001999999999999,-0.0005740528128587
2024-08-08 11:45:00,HOOKUSDT,66b508b674a4db6d2d458229,1723117500000,Binance,2024-08-09 02:03:58,15m,0.714,5785037.8446,3848.6785000004,0.0006657244,8102293.9,2824843.86431674,-5965.7999999998,-0.0007357682,0.3487,0.3488,0.3483,0.3484,2791.3,-0.0003,-0.0008603383997706
2024-08-08 12:00:00,HOOKUSDT,66b4ccac74a4db6d2d3efeb8,1723118400000,Binance,2024-08-09 02:03:58,15m,0.712,5770490.5792,-14547.2654000008,-0.0025146362,8104621.6,2824576.84787374,2327.6999999993,0.000287289,0.3482,0.3482,0.3472,0.3473,39127.3,-0.0009,-0.0025847214244687
2024-08-08 12:15:00,HOOKUSDT,66b508b674a4db6d2d45822c,1723119300000,Binance,2024-08-09 02:03:58,15m,0.7058,5774186.99566,3696.41646,0.0006405723,8181052.7,2860141.83781512,76431.1000000006,0.0094305575,0.3497,0.3497,0.3489,0.349,13527.6,-0.0007,-0.0020017157563626
2024-08-08 12:30:00,HOOKUSDT,66b508b674a4db6d2d45822e,1723120200000,Binance,2024-08-09 02:03:58,15m,0.7026,5759079.4086,-15107.5870599998,-0.0026164007,8196811.0,2865605.1256,15758.2999999998,0.0019261947,0.3496,0.3559,0.3496,0.3553,142295.0,0.0056999999999999,0.0163043478260869
2024-08-08 12:45:00,HOOKUSDT,66b508b674a4db6d2d458230,1723121100000,Binance,2024-08-09 02:03:58,15m,0.7103,5796819.81198,37740.40338,0.0065532007,8161086.6,2909176.25626532,-35724.4000000004,-0.0043583291,0.3562,0.3571,0.3552,0.3557,45186.5,-0.0005,-0.0014037057832678
2024-08-08 13:00:00,HOOKUSDT,66b4ccac74a4db6d2d3efeba,1723122000000,Binance,2024-08-09 02:03:58,15m,0.7037,5699373.332769999,-97446.4792100005,-0.0168103344,8099152.1,2865480.01298,-61934.5,-0.0075890017,0.3539,0.3544,0.3536,0.3541,26186.5,0.0002,0.0005651313930489
2024-08-08 13:15:00,HOOKUSDT,66b508b674a4db6d2d458233,1723122900000,Binance,2024-08-09 02:03:58,15m,0.6993,5667712.23438,-31661.098389999,-0.0055551894,8104836.6,2874785.54202,5684.5,0.0007018636,0.3546,0.3558,0.3544,0.3558,14082.6,0.0011999999999999,0.003384094754653
2024-08-08 13:30:00,HOOKUSDT,66b508b674a4db6d2d458235,1723123800000,Binance,2024-08-09 02:03:58,15m,0.7015,5682118.08175,14405.8473699996,0.0025417394,8099954.5,2878143.30556099,-4882.0999999996,-0.0006023687,0.3556,0.3561,0.3553,0.356,5825.6,0.0003999999999999,0.0011248593925758
2024-08-08 13:45:00,HOOKUSDT,66b508b674a4db6d2d458237,1723124700000,Binance,2024-08-09 02:03:58,15m,0.6994,5666548.5916,-15569.49015,-0.0027400856,8102014.0,2869733.3588,2059.5,0.0002542607,0.3541,0.3551,0.3541,0.3546,4608.6,0.0005,0.0014120304998587
2024-08-08 14:00:00,HOOKUSDT,66b508b674a4db6d2d458239,1723125600000,Binance,2024-08-09 02:03:58,15m,0.7059,5690967.14121,24418.5496100001,0.0043092456,8062001.9,2837018.46861,-40012.0999999996,-0.0049385375,0.3518,0.3522,0.3512,0.3522,23500.4,0.0004,0.0011370096645821
2024-08-08 14:15:00,HOOKUSDT,66b508b674a4db6d2d458240,1723126500000,Binance,2024-08-09 02:03:58,15m,0.7059,5691362.09226,394.9510500003,6.93996e-05,8062561.4,2854952.99174,559.5,6.93996e-05,0.3544,0.3559,0.3544,0.3556,91711.4,0.0012,0.0033860045146727
2024-08-08 14:30:00,HOOKUSDT,66b508b774a4db6d2d45826d,1723127400000,Binance,2024-08-09 02:03:58,15m,0.6935,5659678.8821,-31683.2101600002,-0.0055668941,8161036.6,2936412.78580208,98475.1999999993,0.0122138853,0.3597,0.36,0.3591,0.3592,19001.5,-0.0005,-0.0013900472616068
2024-08-08 14:45:00,HOOKUSDT,66b508b774a4db6d2d4582a1,1723128300000,Binance,2024-08-09 02:03:58,15m,0.6978,5699206.62606,39527.7439599996,0.0069840966,8167392.7,2940223.80199358,6356.1000000006,0.0007788349,0.3595,0.36,0.3593,0.3594,6610.1,-9.9999999999989e-05,-0.0002781641168288
2024-08-08 15:00:00,HOOKUSDT,66b508b774a4db6d2d4582ac,1723129200000,Binance,2024-08-09 02:03:58,15m,0.6952,5673460.94744,-25745.6786199994,-0.0045174145,8160904.7,2953747.80920522,-6488.0,-0.0007943784,0.3619,0.3622,0.3616,0.3617,33067.1,-0.0001999999999999,-0.0005526388505111
2024-08-08 15:15:00,HOOKUSDT,66b508b774a4db6d2d4582b5,1723130100000,Binance,2024-08-09 02:03:58,15m,0.6974,5678755.73298,5294.7855399996,0.000933255,8142752.7,2942946.84092173,-18152.0,-0.0022242632,0.3613,0.3614,0.3604,0.3607,15806.1,-0.0005999999999999,-0.0016606698034873
2024-08-08 15:30:00,HOOKUSDT,66b508b774a4db6d2d4582b7,1723131000000,Binance,2024-08-09 02:03:58,15m,0.6991,5692641.756770001,13886.0237900009,0.0024452582,8142814.7,2936967.66876316,62.0,7.6141e-06,0.3606,0.3609,0.3604,0.3609,9251.1,0.0003,0.0008319467554077
2024-08-08 15:45:00,HOOKUSDT,66b508b774a4db6d2d4582b9,1723131900000,Binance,2024-08-09 02:03:58,15m,0.6977,5677543.79688,-15097.9598900005,-0.0026521887,8137514.4,2950538.21746968,-5300.2999999998,-0.0006509174,0.3622,0.3628,0.3622,0.3626,8538.4,0.0003999999999999,0.0011043622308115
2024-08-08 16:00:00,HOOKUSDT,66b508b774a4db6d2d4582bb,1723132800000,Binance,2024-08-09 02:03:58,15m,0.6993,5693574.51621,16030.7193299998,0.0028235307,8141819.7,2966064.91671,4305.2999999998,0.0005290682,0.3643,0.3646,0.3637,0.3637,31551.1,-0.0005999999999999,-0.0016469942355201
2024-08-08 16:15:00,HOOKUSDT,66b508b774a4db6d2d4582bd,1723133700000,Binance,2024-08-09 02:03:58,15m,0.699,5641166.821199999,-52407.6950100008,-0.0092047087,8070338.8,2985218.32212,-71480.9000000004,-0.0087794747,0.3698,0.37,0.3692,0.37,49207.4,0.0001999999999999,0.0005408328826392
2024-08-08 16:30:00,HOOKUSDT,66b508b774a4db6d2d4582bf,1723134600000,Binance,2024-08-09 02:03:58,15m,0.7047,5662092.5532,20925.7320000008,0.0037094687,8034756.0,2936615.57846448,-35582.7999999998,-0.0044090838,0.3656,0.3667,0.3654,0.3665,18396.5,0.0009,0.0024617067833698
2024-08-08 16:45:00,HOOKUSDT,66b508b774a4db6d2d4582c1,1723135500000,Binance,2024-08-09 02:03:58,15m,0.7047,5661219.4299,-873.1233000001,-0.0001542051,8033517.0,2927612.74568643,-1239.0,-0.0001542051,0.3642,0.3646,0.3642,0.3646,11562.7,0.0003999999999999,0.0010982976386599
2024-08-08 17:00:00,HOOKUSDT,66b508b774a4db6d2d4582c3,1723136400000,Binance,2024-08-09 02:03:58,15m,0.7021,5638283.69832,-22935.7315800004,-0.0040513765,8030599.2,2922335.04888,-2917.7999999998,-0.0003632033,0.3637,0.3639,0.3634,0.3637,43682.1,0.0,0.0
2024-08-08 17:15:00,HOOKUSDT,66b508b774a4db6d2d4582c5,1723137300000,Binance,2024-08-09 02:03:58,15m,0.7032,5630235.35376,-8048.3445599992,-0.0014274458,8006591.8,2916109.78334032,-24007.4000000004,-0.0029894905,0.364,0.3643,0.3632,0.3634,10373.9,-0.0005999999999999,-0.0016483516483516
2024-08-08 17:30:00,HOOKUSDT,66b508b774a4db6d2d4582c7,1723138200000,Binance,2024-08-09 02:03:58,15m,0.7008,5619651.21696,-10584.1368000004,-0.0018798747,8018908.7,2909277.87833731,12316.9000000004,0.0015383449,0.3626,0.3627,0.362,0.3621,3938.3,-0.0005,-0.0013789299503585
2024-08-08 17:45:00,HOOKUSDT,66b508b774a4db6d2d4582c9,1723139100000,Binance,2024-08-09 02:03:58,15m,0.7021,5628621.819379999,8970.6024199994,0.0015962917,8016837.8,2893532.65948258,-2070.9000000004,-0.0002582521,0.3609,0.361,0.3606,0.3609,3250.6,0.0,0.0
2024-08-08 18:00:00,HOOKUSDT,66b508b874a4db6d2d4582cb,1723140000000,Binance,2024-08-09 02:03:58,15m,0.7038,5631002.8047,2380.9853200009,0.0004230139,8000856.5,2884308.76825,-15981.2999999998,-0.0019934668,0.3604,0.3605,0.3599,0.3604,39077.1,0.0,0.0
2024-08-08 18:15:00,HOOKUSDT,66b5f32a74a4db6d2d5e4932,1723140900000,Binance,2024-08-09 18:44:22,15m,0.703,5603689.4864,,,7971108.8,2881595.686744,,,0.3614,0.3615,0.361,0.3613,29532.8,-9.9999999999989e-05,-0.0002767017155506
2024-08-08 18:30:00,HOOKUSDT,66b5f32a74a4db6d2d5e4935,1723141800000,Binance,2024-08-09 18:44:22,15m,0.7007,5580470.02513,-23219.4612699999,-0.0041436024,7964135.9,2877048.39450839,-6972.8999999994,-0.0008747717,0.3612,0.3615,0.361,0.3615,8816.6,0.0002999999999999,0.000830564784053
2024-08-08 18:45:00,HOOKUSDT,66b5f32a74a4db6d2d5e4940,1723142700000,Binance,2024-08-09 18:44:22,15m,0.7005,5577755.55735,-2714.4677799996,-0.0004864228,7962534.7,2873693.26504315,-1601.2000000002,-0.0002010513,0.3608,0.3608,0.3606,0.3606,925.7,-0.0002,-0.0005543237250555
2024-08-08 19:00:00,HOOKUSDT,66b5f32a74a4db6d2d5e4942,1723143600000,Binance,2024-08-09 18:44:22,15m,0.7021,5588269.113349999,10513.5559999989,0.001884908,7959363.5,2875535.28556404,-3171.2000000002,-0.0003982651,0.3611,0.3611,0.3607,0.3611,10292.3,0.0,0.0
2024-08-08 19:15:00,HOOKUSDT,66b5f32a74a4db6d2d5e4944,1723144500000,Binance,2024-08-09 18:44:22,15m,0.7004,5565308.21992,-22960.8934299992,-0.0041087666,7945899.8,2875450.61861029,-13463.7000000002,-0.0016915549,0.3615,0.3617,0.3615,0.3615,1933.7,0.0,0.0
2024-08-08 19:30:00,HOOKUSDT,66b5f32b74a4db6d2d5e4947,1723145400000,Binance,2024-08-09 18:44:22,15m,0.704,5579679.846399999,14371.6264799992,0.0025823595,7925681.6,2864663.98473794,-20218.2000000002,-0.0025444821,0.3612,0.3613,0.3611,0.3613,2064.0,9.9999999999989e-05,0.0002768549280176
2024-08-08 19:45:00,HOOKUSDT,66b5f32b74a4db6d2d5e4949,1723146300000,Binance,2024-08-09 18:44:22,15m,0.703,5569323.7532,-10356.0931999991,-0.0018560372,7922224.4,2861709.54922444,-3457.1999999993,-0.0004362022,0.3611,0.3612,0.3609,0.3609,6780.2,-0.0001999999999999,-0.0005538631957905
2024-08-08 20:00:00,HOOKUSDT,66b5f32b74a4db6d2d5e494b,1723147200000,Binance,2024-08-09 18:44:22,15m,0.7043,5580893.27255,11569.5193499997,0.0020773652,7924028.5,2851307.77109153,1804.0999999996,0.0002277264,0.3599,0.3607,0.3599,0.3604,21050.5,0.0005,0.0013892747985551
2024-08-08 20:15:00,HOOKUSDT,66b5f32b74a4db6d2d5e494d,1723148100000,Binance,2024-08-09 18:44:22,15m,0.6988,5521608.450879999,-59284.8216700004,-0.0106228195,7901557.6,2849301.67056,-22470.9000000004,-0.0028357924,0.3606,0.3609,0.3606,0.3607,4584.0,0.0001,0.000277315585136
2024-08-08 20:30:00,HOOKUSDT,66b5f32b74a4db6d2d5e494f,1723149000000,Binance,2024-08-09 18:44:22,15m,0.697,5497304.2392,-24304.2116799997,-0.0044016543,7887093.6,2854645.82403917,-14464.0,-0.0018305252,0.3618,0.3619,0.3616,0.3619,2180.0,9.9999999999989e-05,0.0002763957987838
2024-08-08 20:45:00,HOOKUSDT,66b5f32b74a4db6d2d5e4951,1723149900000,Binance,2024-08-09 18:44:22,15m,0.6978,5500010.12598,2705.8867800003,0.0004922207,7881929.1,2857987.49166,-5164.5,-0.0006548039,0.3625,0.3625,0.3623,0.3623,1591.0,-0.0001999999999999,-0.0005517241379309
2024-08-08 21:00:00,HOOKUSDT,66b5f32b74a4db6d2d5e4954,1723150800000,Binance,2024-08-09 18:44:22,15m,0.6971,5460749.44098,-39260.6849999996,-0.0071382932,7833523.8,2837796.77238226,-48405.2999999998,-0.0061413011,0.3619,0.3623,0.3618,0.3623,4329.9,0.0004,0.0011052777010224
2024-08-08 21:15:00,HOOKUSDT,66b5f32b74a4db6d2d5e4960,1723151700000,Binance,2024-08-09 18:44:22,15m,0.6974,5458045.64954,-2703.7914400008,-0.0004951319,7826277.1,2848785.83882263,-7246.7000000002,-0.0009250881,0.364,0.364,0.3633,0.3633,4691.9,-0.0006999999999999,-0.0019230769230768
2024-08-08 21:30:00,HOOKUSDT,66b5f32b74a4db6d2d5e4963,1723152600000,Binance,2024-08-09 18:44:22,15m,0.695,5439940.418,-18105.2315400001,-0.0033171638,7827252.4,2840759.11567642,975.3000000007,0.0001246186,0.363,0.3631,0.3629,0.3631,1556.4,9.9999999999989e-05,0.0002754820936638
2024-08-08 21:45:00,HOOKUSDT,66b5f32b74a4db6d2d5e4965,1723153500000,Binance,2024-08-09 18:44:22,15m,0.6909,5393672.10606,-46268.3119399995,-0.0085052976,7806733.4,2859311.81830148,-20519.0,-0.0026214818,0.3661,0.3672,0.3659,0.3671,64072.0,0.001,0.0027314941272876
2024-08-08 22:00:00,HOOKUSDT,66b5f32b74a4db6d2d5e4967,1723154400000,Binance,2024-08-09 18:44:22,15m,0.7018,5466591.93696,72919.8308999995,0.013519515,7789387.2,2892390.54102802,-17346.2000000002,-0.0022219537,0.3712,0.3713,0.3696,0.3697,198560.7,-0.0015,-0.004040948275862
2024-08-08 22:15:00,HOOKUSDT,66b5f32c74a4db6d2d5e496a,1723155300000,Binance,2024-08-09 18:44:22,15m,0.7048,5460651.06104,-5940.8759199996,-0.0010867605,7747802.3,2865137.29054,-41584.9000000004,-0.0053386613,0.3698,0.3699,0.3691,0.3691,6713.7,-0.0007,-0.0018929150892375
2024-08-08 22:30:00,HOOKUSDT,66b5f32c74a4db6d2d5e496c,1723156200000,Binance,2024-08-09 18:44:22,15m,0.6965,5444685.2327,-15965.8283400005,-0.0029237957,7817207.8,2902529.25614,69405.5,0.0089580887,0.3714,0.3714,0.3709,0.3711,13712.2,-0.0003,-0.0008077544426494
2024-08-08 22:45:00,HOOKUSDT,66b5f32c74a4db6d2d5e496f,1723157100000,Binance,2024-08-09 18:44:22,15m,0.7001,5474929.441059999,30244.2083599996,0.005554813,7820210.6,2910998.63463666,3002.7999999998,0.0003841269,0.3719,0.3719,0.3717,0.3717,4733.3,-0.0002,-0.0005377789728422
2024-08-08 23:00:00,HOOKUSDT,66b5f32c74a4db6d2d5e4971,1723158000000,Binance,2024-08-09 18:44:22,15m,0.7084,5620747.307560001,145817.8665000014,0.0266337435,7934425.9,2963183.63497495,114215.3000000007,0.0146051438,0.3734,0.3742,0.373,0.3732,69202.9,-0.0002,-0.0005356186395287
2024-08-08 23:15:00,HOOKUSDT,66b5f32c74a4db6d2d5e4973,1723158900000,Binance,2024-08-09 18:44:22,15m,0.709,5712891.5041,92144.196539999,0.0163935846,8057674.9,2983514.23772526,123249.0,0.015533449,0.3701,0.3707,0.3701,0.3703,36243.9,0.0002,0.0005403944879763
2024-08-08 23:30:00,HOOKUSDT,66b5f32c74a4db6d2d5e4975,1723159800000,Binance,2024-08-09 18:44:22,15m,0.7079,5738428.24984,25536.7457400002,0.0044700211,8106269.6,2995857.07787766,48594.6999999993,0.0060308589,0.3697,0.3699,0.369,0.3692,26341.3,-0.0005,-0.0013524479307546
2024-08-08 23:45:00,HOOKUSDT,66b5f32c74a4db6d2d5e4977,1723160700000,Binance,2024-08-09 18:44:22,15m,0.7008,5760486.648,22058.3981600003,0.0038439791,8219872.5,3047928.723,113602.9000000004,0.014014202,0.3707,0.3707,0.3704,0.3706,7966.6,-9.9999999999989e-05,-0.0002697599136767
2024-08-09 00:00:00,HOOKUSDT,66b5f32c74a4db6d2d5e4985,1723161600000,Binance,2024-08-09 18:44:22,15m,0.7019,5755348.58357,-5138.0644300003,-0.0008919497,8199670.3,3034560.71554918,-20202.2000000002,-0.0024577267,0.3699,0.3702,0.3689,0.369,52280.2,-0.0009,-0.0024330900243309
2024-08-09 00:15:00,HOOKUSDT,66b5f32c74a4db6d2d5e4987,1723162500000,Binance,2024-08-09 18:44:22,15m,0.7005,5765714.7681,10366.1845300002,0.0018011393,8230856.2,3027612.87587947,31185.9000000004,0.0038033115,0.3678,0.3681,0.3677,0.3681,12047.1,0.0002999999999999,0.0008156606851548
2024-08-09 00:30:00,HOOKUSDT,66b5f32c74a4db6d2d5e4989,1723163400000,Binance,2024-08-09 18:44:22,15m,0.7,5759775.21,-5939.5581,-0.0010301512,8228250.3,3038096.53449076,-2605.9000000004,-0.0003166013,0.3691,0.3694,0.3688,0.3691,3219.7,0.0,0.0
2024-08-09 00:45:00,HOOKUSDT,66b5f32d74a4db6d2d5e498b,1723164300000,Binance,2024-08-09 18:44:22,15m,0.702,5761035.3762,1260.1661999999,0.0002187874,8206603.1,3031337.73714546,-21647.2000000002,-0.0026308388,0.3695,0.3699,0.3693,0.3696,5491.0,9.9999999999989e-05,0.0002706359945872
2024-08-09 01:00:00,HOOKUSDT,66b5f32d74a4db6d2d5e498d,1723165200000,Binance,2024-08-09 18:44:22,15m,0.705,5735525.5965,-25509.7796999998,-0.0044279853,8135497.3,2986355.32542664,-71105.7999999998,-0.0086644619,0.3668,0.3674,0.3668,0.3669,64786.5,9.9999999999989e-05,0.0002726281352235
2024-08-09 01:15:00,HOOKUSDT,66b5f32d74a4db6d2d5e498f,1723166100000,Binance,2024-08-09 18:44:22,15m,0.7027,5714632.069209999,-20893.5272900006,-0.003642827,8132392.3,2990984.18196787,-3105.0,-0.0003816607,0.3677,0.3681,0.3676,0.3678,2534.2,9.9999999999989e-05,0.0002719608376393
2024-08-09 01:30:00,HOOKUSDT,66b5f32d74a4db6d2d5e4991,1723167000000,Binance,2024-08-09 18:44:22,15m,0.7056,5774921.60112,60289.5319100004,0.0105500286,8184412.7,2994308.39020263,52020.4000000004,0.0063966909,0.3656,0.366,0.3656,0.3657,6703.6,0.0001,0.00027352297593
2024-08-09 01:45:00,HOOKUSDT,66b5f32d74a4db6d2d5e4994,1723167900000,Binance,2024-08-09 18:44:22,15m,0.7044,5760060.5352,-14861.06592,-0.0025733797,8177258.0,2998301.2209572,-7154.7000000002,-0.0008741861,0.3667,0.3669,0.3662,0.3662,4267.7,-0.0005,-0.0013635124079629
2024-08-09 02:00:00,HOOKUSDT,66b5f32d74a4db6d2d5e4997,1723168800000,Binance,2024-08-09 18:44:22,15m,0.7011,5739636.4776,-20424.0575999999,-0.0035458061,8186616.0,2996544.10729824,9358.0,0.0011443934,0.366,0.3663,0.3658,0.3658,13433.0,-0.0001999999999999,-0.0005464480874316
2024-08-09 02:15:00,HOOKUSDT,66b5f32d74a4db6d2d5e4999,1723169700000,Binance,2024-08-09 18:44:22,15m,0.6982,5707174.8430200005,-32461.6345799994,-0.0056556952,8174126.1,2995817.21565,-12489.9000000004,-0.0015256487,0.3666,0.3668,0.3665,0.3668,3776.3,0.0002,0.0005455537370431
2024-08-09 02:30:00,HOOKUSDT,66b5f32d74a4db6d2d5e49a3,1723170600000,Binance,2024-08-09 18:44:22,15m,0.7105,5744140.414600001,36965.5715800002,0.0064770351,8084645.2,2937151.60116,-89480.8999999994,-0.010946846,0.3633,0.3636,0.3633,0.3634,4278.6,9.9999999999989e-05,0.0002752546105146
2024-08-09 02:45:00,HOOKUSDT,66b5f32d74a4db6d2d5e49a5,1723171500000,Binance,2024-08-09 18:44:22,15m,0.7084,5734647.33072,-9493.0838800007,-0.0016526553,8095210.8,2938905.24305057,10565.5999999996,0.0013068724,0.3629,0.3637,0.3629,0.3637,15163.6,0.0008,0.0022044640396804
2024-08-09 03:00:00,HOOKUSDT,66b5f32d74a4db6d2d5e49a7,1723172400000,Binance,2024-08-09 18:44:22,15m,0.707,5715087.6664,-19559.6643200004,-0.0034107877,8083575.2,2929301.08356438,-11635.5999999996,-0.0014373437,0.3624,0.3624,0.362,0.3622,5705.2,-0.0001999999999999,-0.0005518763796908
2024-08-09 03:15:00,HOOKUSDT,66b5f32e74a4db6d2d5e49aa,1723173300000,Binance,2024-08-09 18:44:22,15m,0.7062,5706435.329100001,-8652.3372999988,-0.0015139466,8080480.5,2938308.03318798,-3094.7000000002,-0.000382838,0.3637,0.3639,0.3633,0.3635,5035.3,-0.0002,-0.0005499037668408
2024-08-09 03:30:00,HOOKUSDT,66b5f32e74a4db6d2d5e49ac,1723174200000,Binance,2024-08-09 18:44:22,15m,0.7034,5681357.3685800005,-25077.9605200002,-0.0043946806,8076993.7,2942528.68637769,-3486.7999999998,-0.000431509,0.3641,0.3645,0.3641,0.3643,2794.2,0.0002,0.0005492996429553
2024-08-09 03:45:00,HOOKUSDT,66b5f32e74a4db6d2d5e49ae,1723175100000,Binance,2024-08-09 18:44:22,15m,0.7042,5676685.420700001,-4671.9478799999,-0.0008223295,8061183.5,2923791.25545,-15810.2000000002,-0.0019574362,0.3628,0.363,0.3628,0.3628,3841.1,0.0,0.0
2024-08-09 04:00:00,HOOKUSDT,66b5f32e74a4db6d2d5e49b0,1723176000000,Binance,2024-08-09 18:44:22,15m,0.7039,5659680.42751,-17004.9931900008,-0.0029955849,8040460.9,2922816.96782285,-20722.5999999996,-0.0025706647,0.3635,0.3637,0.3633,0.3633,21556.1,-0.0001999999999999,-0.0005502063273727
2024-08-09 04:15:00,HOOKUSDT,66b5f32e74a4db6d2d5e49b2,1723176900000,Binance,2024-08-09 18:44:22,15m,0.6996,5631142.6644,-28537.7631099997,-0.0050422923,8049089.0,2916989.8536,8628.0999999996,0.0010730853,0.3623,0.3626,0.3622,0.3626,32682.8,0.0002999999999999,0.0008280430582389
2024-08-09 04:30:00,HOOKUSDT,66b5f32e74a4db6d2d5e49b4,1723177800000,Binance,2024-08-09 18:44:22,15m,0.7038,5654431.6029,23288.9385000002,0.0041357394,8034145.5,2898536.27685824,-14943.5,-0.0018565455,0.3606,0.3606,0.3602,0.3606,4045.5,0.0,0.0
2024-08-09 04:45:00,HOOKUSDT,66b5f32e74a4db6d2d5e49c0,1723178700000,Binance,2024-08-09 18:44:22,15m,0.7115,5682662.416300001,28230.8134000003,0.0049926881,7986876.2,2860899.05484,-47269.2999999998,-0.0058835504,0.3581,0.3583,0.3579,0.358,69053.7,-9.9999999999989e-05,-0.0002792516056967
2024-08-09 05:00:00,HOOKUSDT,66b5f32e74a4db6d2d5e49c3,1723179600000,Binance,2024-08-09 18:44:22,15m,0.7125,5702087.98125,19425.5649499996,0.0034183915,8002930.5,2852593.75811633,16054.2999999998,0.002010085,0.3564,0.3565,0.3557,0.3562,20000.9,-0.0001999999999999,-0.0005611672278338
2024-08-09 05:15:00,HOOKUSDT,66b5f32e74a4db6d2d5e49c5,1723180500000,Binance,2024-08-09 18:44:22,15m,0.7066,5651437.10992,-50650.8713300005,-0.0088828639,7998071.2,2868495.35898537,-4859.2999999998,-0.0006071901,0.3587,0.3594,0.3587,0.3594,19543.7,0.0006999999999999,0.0019514914970727
2024-08-09 05:30:00,HOOKUSDT,66b5f32e74a4db6d2d5e49c7,1723181400000,Binance,2024-08-09 18:44:22,15m,0.6969,5540736.27399,-110700.8359300001,-0.019588086,7950547.1,2871737.61252,-47524.1000000006,-0.0059419451,0.3613,0.3619,0.3611,0.3619,16126.4,0.0005999999999999,0.0016606698034873
2024-08-09 05:45:00,HOOKUSDT,66b5f32f74a4db6d2d5e49ce,1723182300000,Binance,2024-08-09 18:44:22,15m,0.6964,5561045.51304,20309.23905,0.0036654405,7985418.6,2892425.38196668,34871.5,0.0043860504,0.362,0.3625,0.3618,0.3621,14177.8,9.9999999999989e-05,0.0002762430939226
2024-08-09 06:00:00,HOOKUSDT,66b5f32f74a4db6d2d5e49dc,1723183200000,Binance,2024-08-09 18:44:22,15m,0.6961,5556051.2765500005,-4994.2364899991,-0.0008980751,7981685.5,2893360.99375,-3733.0999999996,-0.0004674896,0.3624,0.3626,0.3621,0.3625,12477.2,9.9999999999989e-05,0.0002759381898454
2024-08-09 06:15:00,HOOKUSDT,66b5f32f74a4db6d2d5e49de,1723184100000,Binance,2024-08-09 18:44:22,15m,0.6922,5511168.82754,-44882.4490100006,-0.00807812,7961815.7,2885362.00968,-19869.7999999998,-0.0024894241,0.3622,0.3625,0.3619,0.3622,7383.9,0.0,0.0
2024-08-09 06:30:00,HOOKUSDT,66b5f32f74a4db6d2d5e49e2,1723185000000,Binance,2024-08-09 18:44:22,15m,0.6916,5505747.0286,-5421.7989400001,-0.0009837839,7960883.5,2882169.48718574,-932.2000000002,-0.0001170838,0.3621,0.3627,0.362,0.3627,2112.9,0.0006,0.0016570008285005
2024-08-09 06:45:00,HOOKUSDT,66b5f32f74a4db6d2d5e49e5,1723185900000,Binance,2024-08-09 18:44:22,15m,0.6921,5495185.549620001,-10561.4789799992,-0.0019182645,7939872.2,2892427.08016036,-21011.2999999998,-0.0026393176,0.3644,0.3648,0.3644,0.3645,11330.1,9.9999999999989e-05,0.0002744237102085
2024-08-09 07:00:00,HOOKUSDT,66b5f32f74a4db6d2d5e49e7,1723186800000,Binance,2024-08-09 18:44:22,15m,0.6835,5545271.9989,50086.4492799994,0.0091146057,8113053.4,2973202.28116436,173181.2000000002,0.0218115853,0.3664,0.3664,0.366,0.3661,28086.1,-0.0003,-0.0008187772925764
2024-08-09 07:15:00,HOOKUSDT,66b5f32f74a4db6d2d5e49e9,1723187700000,Binance,2024-08-09 18:44:22,15m,0.6876,5605827.66828,60555.6693799999,0.0109202343,8152745.3,3006732.46664,39691.8999999994,0.0048923504,0.3687,0.3693,0.3685,0.3693,21209.3,0.0005999999999999,0.001627339300244
2024-08-09 07:30:00,HOOKUSDT,66b5f32f74a4db6d2d5e49f4,1723188600000,Binance,2024-08-09 18:44:22,15m,0.6854,5650933.4183600005,45105.7500800006,0.0080462249,8244723.4,3042302.9346,91978.1000000006,0.0112818562,0.3693,0.3693,0.3688,0.3688,22136.1,-0.0005,-0.0013539128080151
2024-08-09 07:45:00,HOOKUSDT,66b5f32f74a4db6d2d5e49f6,1723189500000,Binance,2024-08-09 18:44:22,15m,0.6844,5699634.12852,48700.7101599993,0.0086181709,8327928.3,3065139.23146567,83204.8999999994,0.0100918971,0.3681,0.3687,0.3681,0.3685,8893.2,0.0004,0.0010866612333605
2024-08-09 08:00:00,HOOKUSDT,66b5f32f74a4db6d2d5e49fa,1723190400000,Binance,2024-08-09 18:44:22,15m,0.6839,5762897.09639,63262.9678699998,0.0110994787,8426520.1,3100959.3968,98591.7999999998,0.0118386946,0.3681,0.3681,0.3675,0.3675,43196.8,-0.0005999999999999,-0.0016299918500407
2024-08-09 08:15:00,HOOKUSDT,66b5f33074a4db6d2d5e49fc,1723191300000,Binance,2024-08-09 18:44:22,15m,0.6877,5920509.497889999,157612.4014999997,0.0273495082,8609145.7,3172232.49193722,182625.5999999996,0.0216727187,0.3685,0.3687,0.3683,0.3683,15327.5,-0.0001999999999999,-0.0005427408412482
2024-08-09 08:30:00,HOOKUSDT,66b5f33074a4db6d2d5e49fe,1723192200000,Binance,2024-08-09 18:44:22,15m,0.6855,5954870.01855,34360.5206600009,0.0058036425,8686900.1,3227271.90666202,77754.4000000004,0.0090316046,0.3717,0.3721,0.3714,0.3714,17123.4,-0.0002999999999999,-0.0008071025020176
2024-08-09 08:45:00,HOOKUSDT,66b5f33074a4db6d2d5e4a00,1723193100000,Binance,2024-08-09 18:44:22,15m,0.6857,5968141.55827,13271.5397199998,0.0022286867,8703721.1,3228405.98971475,16821.0,0.0019363639,0.3709,0.3726,0.3709,0.3723,14901.8,0.0014,0.0037746023186843
2024-08-09 09:00:00,HOOKUSDT,66b5f33074a4db6d2d5e4a02,1723194000000,Binance,2024-08-09 18:44:22,15m,0.6871,5981663.795700001,13522.2374300007,0.0022657367,8705667.0,3221096.79,1945.9000000004,0.000223571,0.37,0.3704,0.3699,0.3703,5474.7,0.0003,0.0008108108108108
2024-08-09 09:15:00,HOOKUSDT,66b5f33074a4db6d2d5e4a04,1723194900000,Binance,2024-08-09 18:44:22,15m,0.6858,5932258.262459999,-49405.5332400016,-0.0082594968,8650128.7,3215834.73194765,-55538.3000000007,-0.0063795571,0.3713,0.3716,0.3713,0.3716,8109.6,0.0002999999999999,0.0008079719903042
2024-08-09 09:30:00,HOOKUSDT,66b5f33074a4db6d2d5e4a07,1723195800000,Binance,2024-08-09 18:44:22,15m,0.6873,5934320.84976,2062.5873000007,0.0003476901,8634251.2,3192325.29109872,-15877.5,-0.0018355218,0.3695,0.3697,0.369,0.369,2739.8,-0.0005,-0.0013531799729364
2024-08-09 09:45:00,HOOKUSDT,66b5f33074a4db6d2d5e4a09,1723196700000,Binance,2024-08-09 18:44:22,15m,0.6855,5938937.35335,4616.5035899999,0.0007779329,8663657.7,3190825.13091,29406.5,0.0034057962,0.3683,0.3691,0.3683,0.369,5517.2,0.0006999999999999,0.001900624490904
2024-08-09 10:00:00,HOOKUSDT,66b5f33074a4db6d2d5e4a0b,1723197600000,Binance,2024-08-09 18:44:22,15m,0.687,5955829.023,16891.6696500005,0.0028442243,8669329.0,3194878.60073127,5671.3000000007,0.000654608,0.3686,0.3688,0.3682,0.3687,9409.2,0.0001,0.0002712967986978
2024-08-09 10:15:00,HOOKUSDT,66b5f33074a4db6d2d5e4a18,1723198500000,Binance,2024-08-09 18:44:22,15m,0.6863,5966554.39096,10725.3679599995,0.0018008186,8693799.2,3212358.8044,24470.1999999993,0.0028226175,0.3696,0.3696,0.3691,0.3692,3891.0,-0.0004,-0.0010822510822511
2024-08-09 10:30:00,HOOKUSDT,66b5f33074a4db6d2d5e4a1a,1723199400000,Binance,2024-08-09 18:44:22,15m,0.6871,6083029.32256,116474.9316000007,0.0195213056,8853193.6,3274746.6462239,159394.4000000004,0.0183342629,0.3705,0.3709,0.3697,0.3697,11499.1,-0.0008,-0.0021592442645074
